symbol_1,symbol_2,Paralogs names,Correlation,gene_1,chr_1,gene_2,chr_2,both_lof,lof_1,lof_2,expected_both_lof,p-value_lof,z-score_lof,both_missense,missense_1,missense_2,expected_both_missense,p-value_missense,z-score_missense,both_missense_lof,expected_both_missense_lof,p-value_missense_lof,z-score_missense_lof
CCND1,CCND3,"CCND2, CCND1",0.2665172266,ENSG00000110092,11,ENSG00000147614,8,0.0,98.0,2.0,0.0005732305261042,0.9994269337391252,-3.2519572668666186,0.0,694.0,19.0,0.0344077371285817,0.9661774778827644,-1.8273640939834683,0.0,0.0036026214699534,0.9964038601847888,-2.687807731618758
ATP1B1,ATP1B3,"ATP1B1, ATP1B4, ATP1B2, ATP4B",0.4035905721,ENSG00000143153,1,ENSG00000101493,18,0.0,0.0,18.0,0.0,1.0,-inf,0.0,105.0,625.0,0.1712428142775046,0.8426169492040443,-1.005271568439519,0.0,0.0049055868719106,0.9951064258681608,-2.5832601847974823
DNM1,DNM2,"DNM1, DNM3",0.4249356732,ENSG00000106976,9,ENSG00000135678,12,0.0,60.0,83.0,0.0145647347959132,0.9855408178836274,-2.184597597696636,0.0,518.0,10.0,0.0135167661403043,0.986574175138026,-2.2136676522098417,0.0,0.1115930169158345,0.8944081924423143,-1.2503174262316037
DNM2,DNM3,"DNM1, DNM3",0.1838021467,ENSG00000079805,19,ENSG00000118971,12,0.0,1.0,19.0,5.556826528561279e-05,0.9999444332786018,-3.864902810605696,0.0,154.0,854.0,0.3431797327622141,0.7095106777856144,-0.5519557884078262,0.0,0.0075945752313283,0.992434190687435,-2.4292135053323305
ADSS,ADSSL1,ADSSL1,0.2568211026,ENSG00000267312,17,ENSG00000079805,19,,,,,,,,,,,,,,,,
GFPT1,GFPT2,GFPT2,0.344949342,ENSG00000198380,2,ENSG00000166128,15,,,,,,,,,,,,,,,,
CDK4,CDK6,CDK4,0.213241897,ENSG00000135446,12,ENSG00000139793,13,0.0,18.0,4.0,0.000210574478977,0.9997894476902724,-3.5264915394167997,0.0,276.0,156.0,0.1123509426519198,0.8937305542868349,-1.2466144754818205,0.0,0.0028654856648621,0.9971386159205724,-2.763257029934116
RHOA,RHOB,"RHOB, RHOC",0.3017658679,ENSG00000067560,3,ENSG00000103257,16,0.0,4.0,108.0,0.0012634468738623,0.9987373509391058,-3.020293537544492,0.0,122.0,501.0,0.1594926216269659,0.8525762579988876,-1.0475467463006969,0.0,0.0341989484784629,0.9663792258347552,-1.830056114478097
NMNAT1,NMNAT3,"NMNAT3, NMNAT2",0.1418763633,ENSG00000173614,1,ENSG00000015532,17,0.0,159.0,76.0,0.0353414167216497,0.9652757986936163,-1.815491554903085,1.0,159.0,544.0,0.2257039003999549,0.9780557476756992,-2.0151541049722823,0.0,0.0313646093969145,0.9691221576052194,-1.8680458179541028
RCOR1,RCOR2,"RCOR2, RCOR3",0.1357926112,ENSG00000089902,14,ENSG00000033867,3,0.0,231.0,10.0,0.0067559312005139,0.9932668387963124,-2.47119272345567,0.0,253.0,376.0,0.2482283647480451,0.7801817569227185,-0.7728072093411146,0.0,0.0065667379819756,0.9934547759240662,-2.4812990921883937
TRPM3,TRPM7,"TRPM2, TRPM5, TRPM8, TRPM6, TRPM1, TRPM3, TRPM4",0.1297966004,ENSG00000083067,9,ENSG00000173262,12,0.0,281.0,172.0,0.1413539683044335,0.8681819484102278,-1.1178382002200018,0.0,275.0,364.0,0.2612023727112871,0.7701250515491774,-0.7392587423881625,0.0,0.1227694492282405,0.8844675537333936,-1.197620240966103
CAB39,CAB39L,CAB39L,0.2819568635,ENSG00000135932,2,ENSG00000104177,15,,,,,,,,,,,,,,,,
WNK1,WNK2,"WNK4, EPHA6, FER, EPHA1, FES, WNK2, WNK3",0.2677040313,ENSG00000060237,12,ENSG00000169045,5,0.0,18.0,481.0,0.0253215810969913,0.9749963212220564,-1.959901044226105,0.0,28.0,61.0,0.0044568796462625,0.9955530375031773,-2.61610481933727,0.0,0.0349568486724301,0.965647084312196,-1.820349278520058
MYC,MYCN,"MYCN, MYCL1",0.213276042,ENSG00000136997,8,ENSG00000188229,9,0.0,5.0,79.0,0.0011552349888324,0.9988454320382248,-3.047291587462305,0.0,7.0,79.0,0.0014430061149784,0.9985580345177388,-2.979846247459175,0.0,0.0014353383810405,0.9985656912244238,-2.9814768277143098
PLK1,PLK2,"PLK2, PLK5, PLK3",0.1711365157,ENSG00000166851,16,ENSG00000145284,4,0.0,15.0,38.0,0.0016670479585683,0.9983343407940668,-2.935387075024116,1.0,881.0,849.0,1.9517610141307564,0.4192201547958381,0.2038889125536357,0.0,0.0868937763480557,0.9167744735937338,-1.3836976520597384
HGS,WDFY1,"WDFY2, WDFY1",0.1502023799,ENSG00000185359,17,ENSG00000188229,9,0.0,79.0,115.0,0.0265704047431469,0.9737794827276866,-1.9394954786510603,0.0,79.0,2156.0,0.4444458834133592,0.6411794657919707,-0.3616132411183825,0.0,0.0235805591170944,0.9766952897892784,-1.9898322240035429
MYBL1,MYBL2,"MYB, MYBL1",0.5353716319,ENSG00000185697,8,ENSG00000152465,10,0.0,28.0,37.0,0.0030299327808365,0.9969746528329552,-2.74502144661406,1.0,588.0,717.0,1.1001186366192583,0.698985836230282,-0.5214858969699819,0.0,0.0564687555477717,0.9450960130410734,-1.5990568381549228
H2AFV,H2AFZ,H2AFV,0.1164859526,ENSG00000105968,7,ENSG00000143878,2,,,,,,,,,,,,,,,,
TUBB,TUBB4B,"TUBB4B, TUBB8, TUBB4A, TUBB2B, TUBB3, TUBB2A, TUBB6, TUBB1",0.2525631114,ENSG00000196230,6,ENSG00000124145,20,0.0,3.0,77.0,0.0006755931200513,0.9993246350415962,-3.204977600715475,0.0,18.0,366.0,0.0171908214927268,0.982956097587832,-2.119031501347646,0.0,0.0035974303727344,0.9964090326275216,-2.6882883553374843
RBM47,SYNCRIP,"RBM47, DND1, RBM46, A1CF, HNRNPR",0.1381372349,ENSG00000163694,4,ENSG00000184743,11,0.0,49.0,129.0,0.0184866844668609,0.9816831461392284,-2.089822941603984,1.0,807.0,685.0,1.4424711850443153,0.5772609408659632,-0.1948912066620826,0.0,0.2702043968923368,0.7632234778857192,-0.7167100162871624
BTRC,FBXW11,BTRC,0.3747838546,ENSG00000166167,10,ENSG00000101057,20,0.0,214.0,70.0,0.0438111902093936,0.957134656807742,-1.7183615645902102,1.0,529.0,378.0,0.5217837048161278,0.903119346213877,-1.2995323248303408,0.0,0.0961131650089164,0.9083612155470482,-1.3307309088429529
GMPR,IMPDH2,"GMPR, GMPR2, IMPDH1",0.1484477584,ENSG00000137198,6,ENSG00000003989,8,0.0,72.0,135.0,0.0284275546619029,0.9719727064869254,-1.9106110208286669,1.0,1190.0,279.0,0.8663516459927514,0.7847688114859617,-0.7884006734418649,1.0,0.4169748841124069,0.9338395455799948,-1.5050123219383915
IMPDH1,IMPDH2,"GMPR, GMPR2, IMPDH1",0.3069990748,ENSG00000106348,7,ENSG00000127616,19,0.0,220.0,20.0,0.0128684403819313,0.9872140039746602,-2.232650637190897,0.0,79.0,84.0,0.0173160733797412,0.9828329881917598,-2.116126812916936,0.0,0.0041009668029729,0.9959074306782008,-2.6443358927257146
EEF1A1,EEF1A2,EEF1A2,0.2401275164,ENSG00000156508,6,ENSG00000059804,12,0.0,2.0,108.0,0.0006317234369311,0.9993684760583084,-3.224246135330076,0.0,2.0,522.0,0.0027242285425632,0.9972794788006986,-2.77969232131022,0.0,0.0005606384996469,0.9994395186287512,-3.258263483981244
SDC1,SDC4,"SDC3, SDC4, SDC2",0.1382261745,ENSG00000115884,2,ENSG00000132604,16,,,,,,,,,,,,,,,,
CHMP4B,CHMP4C,"CHMP4C, CHMP4A",0.5880004032,ENSG00000101421,20,ENSG00000198597,19,0.0,51.0,1.0,0.0001491569226087,0.999850854200732,-3.616779151912288,0.0,664.0,88.0,0.1524732971255337,0.8585818202528595,-1.073969482583295,0.0,0.0017234442766924,0.9982780400005828,-2.925058025608991
CHMP4A,CHMP4B,"CHMP4C, CHMP4A",0.3820685477,ENSG00000254505,14,ENSG00000197959,1,0.0,57.0,51.0,0.0085019445886987,0.9915340947350968,-2.3881851230308646,2.0,954.0,119.0,0.2962363692749408,0.9965246393015584,-2.69919606088138,0.0,0.1262838220454718,0.881364660560146,-1.1818362557654494
COPZ1,COPZ2,COPZ2,0.1114329881,ENSG00000111481,12,ENSG00000130244,19,0.0,4.0,396.0,0.0046326385374952,0.9953780755811492,-2.6029015710472923,0.0,23.0,209.0,0.0125434546016299,0.9875348866263916,-2.242482164576277,0.0,0.0236402567351123,0.97663698514729,-1.9887751239263864
PFN1,PFN2,"PFN2, PFN3",0.4118240989,ENSG00000108518,17,ENSG00000185100,14,0.0,235.0,41.0,0.0281789597908883,0.9722143639526828,-1.914382718118103,0.0,169.0,2.0,0.0008819820377264,0.9991184067941083,-3.1274686194077423,0.0,0.0179845563150629,0.9821762006609688,-2.100924450840506
ATP6V1B1,ATP6V1B2,ATP6V1B1,0.2188666415,ENSG00000116039,2,ENSG00000123411,12,,,,,,,,,,,,,,,,
BOK,MCL1,"BCL2, BOK, BCL2L1, BAX, BCL2A1, BAK1, BCL2L2",0.1037317337,ENSG00000176720,2,ENSG00000109971,11,,,,,,,,,,,,,,,,
BCL2L1,MCL1,"BCL2, BOK, BCL2L1, BAX, BCL2A1, BAK1, BCL2L2",0.4642291019,ENSG00000171552,20,ENSG00000131459,5,0.0,226.0,0.0,0.0,1.0,-inf,0.0,2035.0,80.0,0.4248126501238515,0.6538922802924895,-0.3958503377281556,0.0,0.0,1.0,-inf
PMM1,PMM2,PMM1,0.2546171924,ENSG00000100417,22,ENSG00000136527,3,0.0,2.0,101.0,0.0005907783993523,0.999409396075846,-3.2433794484220626,1.0,64.0,497.0,0.0830002504615446,0.9967402733068252,-2.720442881864245,0.0,0.0167776262116563,0.9833623343306276,-2.1287453893547243
DPF1,DPF2,"DPF3, PHF10, DPF1",0.1361576954,ENSG00000011332,19,ENSG00000188191,7,0.0,28.0,17.0,0.0013921312776816,0.9986088372875568,-2.9908165988856945,0.0,835.0,52.0,0.113300769461779,0.8928820680668526,-1.2420018923124267,0.0,0.0368438125115195,0.963826661259168,-1.7969303514248374
PDS5A,PDS5B,PDS5B,0.1078008618,ENSG00000121892,4,ENSG00000217236,2,,,,,,,,,,,,,,,,
KRAS,NRAS,"RALA, RRAS, ERAS, RALB, NRAS, HRAS, RRAS2, MRAS",0.2724966451,ENSG00000133703,12,ENSG00000165209,9,0.0,3.0,298.0,0.0026146331139651,0.9973887820620692,-2.792983481327815,0.0,21.0,98.0,0.0053701746557425,0.994644218955246,-2.551970392461105,0.0,0.0162429431981042,0.9838882620567424,-2.141627414392984
KRAS,MRAS,"RALA, RRAS, ERAS, RALB, NRAS, HRAS, RRAS2, MRAS",0.1925231344,ENSG00000133703,12,ENSG00000188229,9,0.0,79.0,298.0,0.0688520053344156,0.9334648176696624,-1.502103563770379,0.0,79.0,98.0,0.0202020856096981,0.9800006092738542,-2.0537614943820275,0.0,0.0611044053642968,0.940725017910456,-1.56088891091215
TUBB,TUBB4B,"TUBB, TUBB8, TUBB4A, TUBB2B, TUBB3, TUBB2A, TUBB6, TUBB1",0.3857027588,ENSG00000196230,6,ENSG00000028116,2,,,,,,,,,,,,,,,,
TUBB4A,TUBB4B,"TUBB, TUBB8, TUBB4A, TUBB2B, TUBB3, TUBB2A, TUBB6, TUBB1",0.1662512242,ENSG00000104833,19,ENSG00000178035,3,0.0,158.0,28.0,0.0129386318749237,0.9871447123816868,-2.230555681418699,0.0,363.0,283.0,0.2680625229396385,0.7648599583148633,-0.7220234123546588,0.0,0.0263811560667196,0.973963786645011,-1.942534507206464
TUBB2B,TUBB4B,"TUBB, TUBB8, TUBB4A, TUBB2B, TUBB3, TUBB2A, TUBB6, TUBB1",0.235897606,ENSG00000137285,6,ENSG00000163864,3,0.0,593.0,2.0,0.0034686296120387,0.9965373791342744,-2.700417946569083,0.0,14.0,73.0,0.0026668214276816,0.997336731381644,-2.7865927516873032,0.0,7.267536106534326e-05,0.9999273272797248,-3.798890235614252
TUBB3,TUBB4B,"TUBB, TUBB8, TUBB4A, TUBB2B, TUBB3, TUBB2A, TUBB6, TUBB1",0.1072497224,ENSG00000258947,16,ENSG00000163214,2,,,,,,,,,,,,,,,,
TUBB2A,TUBB4B,"TUBB, TUBB8, TUBB4A, TUBB2B, TUBB3, TUBB2A, TUBB6, TUBB1",0.2338817281,ENSG00000137267,6,ENSG00000188229,9,0.0,3.0,79.0,0.0006931409932994,0.9993070991734258,-3.1975920689073822,0.0,77.0,79.0,0.0158730672647628,0.9842522459562668,-2.1507554379043987,0.0,0.0157887221914458,0.984335266285243,-2.1528627416130486
RAB10,RAB8B,"RAB8B, RAB12, RAB8A, RAB13, RAB15",0.3013218972,ENSG00000084733,2,ENSG00000134287,12,,,,,,,,,,,,,,,,
RAB10,RAB13,"RAB8B, RAB12, RAB8A, RAB13, RAB15",0.1933991741,ENSG00000084733,2,ENSG00000139323,12,,,,,,,,,,,,,,,,
WWTR1,YAP1,WWTR1,0.1811409526,ENSG00000018408,3,ENSG00000240065,6,0.0,4.0,217.0,0.0025385923298901,0.9974646271707092,-2.80250483343416,0.0,12.0,179.0,0.0056050219438945,0.9944106568845312,-2.537062914967578,0.0,0.0067588085790769,0.993263980795715,-2.4710409680503016
SCD,SCD5,SCD5,0.1562766289,ENSG00000099194,10,ENSG00000186298,12,0.0,5.0,22.0,0.0003217110095482,0.9996783407338896,-3.412661256974471,0.0,204.0,55.0,0.0292776285896167,0.9711468089174212,-1.8979218151137232,0.0,0.0116488221593307,0.9884187626870172,-2.2707440846010774
ACACA,ACACB,ACACB,0.111775617,ENSG00000278540,17,ENSG00000145632,5,0.0,22.0,119.0,0.0076567220272491,0.9923725159987836,-2.426268770959343,0.0,330.0,199.0,0.1713602379215806,0.8425180118602139,-1.0048606050180604,0.0,0.1019271938941439,0.9030953001274225,-1.2993921049429726
RPL22,RPL22L1,RPL22,0.2438932156,ENSG00000116251,1,ENSG00000105866,7,0.0,19.0,186.0,0.0103356973431239,0.9897175324298738,-2.3158779213725724,0.0,103.0,265.0,0.0712239636678779,0.9312533018649348,-1.4851903926574437,0.0,0.0497255202603516,0.9514905535411728,-1.659481065809881
BCL2,BCL2L1,"BCL2, MCL1, BOK, BAX, BCL2A1, BAK1, BCL2L2",0.1161649229,ENSG00000171791,18,ENSG00000183785,22,0.0,3.0,90.0,0.0007896542961639,0.9992106573987406,-3.1598165217737733,0.0,0.0,28.0,0.0,1.0,-inf,0.0,0.0,1.0,-inf
BCL2L1,MCL1,"BCL2, MCL1, BOK, BAX, BCL2A1, BAK1, BCL2L2",0.1585308109,ENSG00000171552,20,ENSG00000123338,12,0.0,105.0,0.0,0.0,1.0,-inf,1.0,708.0,80.0,0.147797226676996,0.9900967867924436,-2.329994791302957,0.0,0.0,1.0,-inf
BCL2A1,BCL2L1,"BCL2, MCL1, BOK, BAX, BCL2A1, BAK1, BCL2L2",0.1373576731,ENSG00000140379,15,ENSG00000101745,18,0.0,34.0,439.0,0.0436532593501608,0.9572858298436226,-1.7200225629101655,0.0,21.0,934.0,0.0511810523312605,0.950106635937882,-1.6458884461098446,0.0,0.0239283626307642,0.9763556508029452,-1.98370533581013
BCL2L1,BCL2L2,"BCL2, MCL1, BOK, BAX, BCL2A1, BAK1, BCL2L2",0.1568827323,ENSG00000171552,20,ENSG00000100345,22,0.0,0.0,26.0,0.0,1.0,-inf,0.0,80.0,1587.0,0.331291241153097,0.7179960285956093,-0.576898620110961,0.0,0.0053987411077112,0.9946158059047714,-2.550126359599808
SAMD4A,SAMD4B,SAMD4A,0.2493860977,ENSG00000020577,14,ENSG00000171552,20,0.0,36.0,0.0,0.0,1.0,-inf,0.0,567.0,80.0,0.1183630332286112,0.8883734849723116,-1.217923539299722,0.0,0.0,1.0,-inf
PIK3CA,PIK3CD,"PIK3CD, PIK3C2B, PIK3C2G, PIK3CG, PIK3CB, PIK3C2A",0.3964664868,ENSG00000121879,3,ENSG00000101210,20,0.0,18.0,0.0,0.0,1.0,-inf,0.0,384.0,106.0,0.106213600188214,0.8992325513184928,-1.2771907910918734,0.0,0.0,1.0,-inf
PIK3CA,PIK3CG,"PIK3CD, PIK3C2B, PIK3C2G, PIK3CG, PIK3CB, PIK3C2A",0.1882098348,ENSG00000121879,3,ENSG00000105810,7,0.0,18.0,2.0,0.0001052872394885,0.9998947183030183,-3.705993867117769,0.0,384.0,19.0,0.0190382868261893,0.9811417967182402,-2.077923490486927,0.0,0.0019933813320779,0.9980086041330074,-2.879521474140423
DDX17,DDX5,DDX17,0.2649065857,ENSG00000100201,22,ENSG00000164032,4,,,,,,,,,,,,,,,,
PAX8,PAX9,"PAX1, PAX5, PAX2, PAX9",0.1150814853,ENSG00000125618,2,ENSG00000221978,1,0.0,59.0,13.0,0.0022432031302139,0.9977593109696976,-2.8421259710120745,1.0,476.0,621.0,0.7713324332064497,0.8190579974324165,-0.9117810172049796,0.0,0.0160612547954408,0.9840670393838664,-2.146088467033222
FERMT2,FERMT3,"TLN2, FERMT3, TLN1, FERMT1",0.1936847037,ENSG00000073712,14,ENSG00000103496,16,0.0,13.0,115.0,0.0043723450843153,0.9956371997003548,-2.62262206050453,1.0,127.0,276.0,0.091465190492268,0.9960635826492524,-2.657475352694954,0.0,0.0379079874414049,0.962801526647522,-1.7841644522984923
FERMT1,FERMT2,"TLN2, FERMT3, TLN1, FERMT1",0.4451918531,ENSG00000101311,20,ENSG00000103496,16,0.0,115.0,256.0,0.0861015647372863,0.9175010407356352,-1.3884570371846046,0.0,276.0,895.0,0.6445775235478735,0.524884246505092,-0.062416058587538,0.0,0.1833910825511747,0.8324425383180039,-0.9638623873052524
MAPK1,MAPK3,MAPK3,0.1015892694,ENSG00000100030,22,ENSG00000213639,2,,,,,,,,,,,,,,,,
PPP2R2A,PPP2R2D,"PPP2R2D, PPP2R2B, PPP2R2C",0.1543213454,ENSG00000221914,8,ENSG00000188229,9,0.0,7.0,79.0,0.0016173289843654,0.9983839781873524,-2.9447608621041352,0.0,13.0,79.0,0.0026798684992456,0.9973237191428224,-2.785012757123146,0.0,0.0026656284219324,0.9973379212108084,-2.786737572851101
EGLN1,EGLN2,"EGLN2, EGLN3",0.1046584403,ENSG00000135766,1,ENSG00000129473,14,0.0,12.0,0.0,0.0,1.0,-inf,0.0,207.0,82.0,0.0442921985454684,0.9566743777669736,-1.7133332728898112,0.0,0.0,1.0,-inf
EGLN1,EGLN3,"EGLN2, EGLN3",0.1260113663,ENSG00000135766,1,ENSG00000158467,7,0.0,12.0,69.0,0.0024216065082361,0.9975813232154476,-2.817669757300032,1.0,207.0,486.0,0.2625122986963127,0.9710195519188816,-1.8959935595567592,0.0,0.0370722207891535,0.9636065404112012,-1.7941644834133856
TERF1,TERF2,TERF2,0.1153043585,ENSG00000147601,8,ENSG00000269858,19,0.0,144.0,16.0,0.0067383833272658,0.9932842686698292,-2.4721194567976235,0.0,286.0,1.0,0.0007462924934608,0.99925398591352,-3.176229589454487,0.0,0.0118772304369646,0.98819302544096,-2.263352812484543
PTK2,TNK1,"TNK1, TNK2, PTK2B",0.1401068731,ENSG00000169398,8,ENSG00000054118,1,0.0,9.0,53.0,0.001395055923223,0.998605916714944,-2.9901760968510063,0.0,888.0,225.0,0.5213609796974541,0.5937119679300056,-0.2371040581988006,0.0,0.1221568997564041,0.8850094998337426,-1.200407801840605
CCND1,CCND3,"CCND3, CCND2",0.2835548127,ENSG00000110092,11,ENSG00000154917,3,0.0,21.0,2.0,0.0001228351127366,0.9998771724311868,-3.66674751046997,0.0,8.0,19.0,0.0003966309755456,0.9996034476721214,-3.355190090576451,0.0,4.1528777751624726e-05,0.999958472084556,-3.935406975504295
CCND1,CCND2,"CCND3, CCND2",0.2362224369,ENSG00000110092,11,ENSG00000057935,2,,,,,,,,,,,,,,,,
PPA1,PPA2,PPA2,0.3591477962,ENSG00000180817,10,ENSG00000135316,6,0.0,57.0,465.0,0.0775177300734298,0.925410616652996,-1.4424382966189715,1.0,424.0,281.0,0.3108960588842516,0.9606115740167904,-1.757827574758696,0.0,0.5117383638443956,0.5994526058052696,-0.2519304945357596
NACA,NACA2,"NACAD, NACA2",0.1873660721,ENSG00000196531,12,ENSG00000167771,11,0.0,46.0,498.0,0.0669977800612009,0.9351972774151932,-1.5156596118089778,0.0,819.0,389.0,0.8313359153292874,0.4354671503243917,0.1624718417822812,1.0,1.0586256469583228,0.7142037105235066,-0.5657075838264327
RAC1,RAC2,"RHOQ, RAC2, CDC42, RHOJ, RAC3, RHOG",0.2155142568,ENSG00000136238,7,ENSG00000147416,8,0.0,43.0,17.0,0.0021379158907254,0.9978643678236996,-2.857400566814273,0.0,0.0,246.0,0.0,1.0,-inf,0.0,0.0,1.0,-inf
RAC1,RAC3,"RHOQ, RAC2, CDC42, RHOJ, RAC3, RHOG",0.136508116,ENSG00000136238,7,ENSG00000166579,17,0.0,43.0,20.0,0.0025151951655593,0.997487965287527,-2.805486446422972,0.0,0.0,175.0,0.0,1.0,-inf,0.0,0.0,1.0,-inf
PPP2R1A,PPP2R1B,PPP2R1B,0.310032626,ENSG00000105568,19,ENSG00000124215,20,1.0,71.0,1091.0,0.2265459682783606,0.9779038711537776,-2.012262647365905,0.0,232.0,360.0,0.2179382834050619,0.804175071082186,-0.8566291727665122,0.0,0.6569644996418275,0.5184226205157952,-0.0461950861642485
ATL2,ATL3,"ATL3, ATL1",0.3081362021,ENSG00000119787,2,ENSG00000143384,1,0.0,28.0,106.0,0.0086803479667209,0.9913572174813908,-2.3805766381579536,1.0,675.0,509.0,0.8965295225202843,0.773751997309016,-0.7512603185858074,0.0,0.1857115030080468,0.8305131609719553,-0.9561950940809844
TUBA1B,TUBA4A,"TUBA3C, TUBA4A, TUBA1C, TUBA3D, TUBA1A, TUBAL3, TUBA3E, TUBA8",0.1348787853,ENSG00000123416,12,ENSG00000143614,1,0.0,2.0,2.0,1.1698582165392167e-05,0.9999883014862628,-4.229731617842197,0.0,98.0,11.0,0.0028129486291984,0.9971910040037436,-2.7692823848416137,0.0,0.0005087275274574,0.9994914018524506,-3.28572676293727
UBE2D1,UBE2D3,"UBE2D1, UBE2D4, UBE2D2",0.1170997392,ENSG00000072401,10,ENSG00000062038,16,0.0,11.0,153.0,0.0049221784460887,0.9950899156230468,-2.5820980255216543,0.0,56.0,680.0,0.0993664970314267,0.9054108168321048,-1.3130135974857735,0.0,0.022238660485995,0.978006795618785,-2.01422030516327
UBE2D2,UBE2D3,"UBE2D1, UBE2D4, UBE2D2",0.1804448596,ENSG00000131508,5,ENSG00000103018,16,0.0,0.0,43.0,0.0,1.0,-inf,0.0,1.0,37.0,9.65483295736026e-05,0.9999034563310664,-3.727892975628273,0.0,0.0001116085902074,0.9998883976377996,-3.6911929581398906
PSMB6,PSMB9,PSMB9,0.417041069,ENSG00000142507,17,ENSG00000112576,6,0.0,28.0,50.0,0.0040945037578872,0.9959138672936264,-2.644868562557948,0.0,132.0,805.0,0.2772763648781355,0.7578450264182989,-0.6993874205150183,0.0,0.0171306208225452,0.9830152739848774,-2.120434117711148
ILF3,STRBP,"ZFR2, ILF2, STRBP, ZFR",0.181282094,ENSG00000129351,19,ENSG00000083642,13,0.0,131.0,8.0,0.0030650285273327,0.9969396638772616,-2.741245682731232,0.0,871.0,76.0,0.1727327898501134,0.8413624053845804,-1.0000729838724032,0.0,0.0180857827108325,0.9820767835360688,-2.0986651035460584
BRD2,BRD3,"BRD4, BRDT, BRD3",0.252381116,ENSG00000204256,6,ENSG00000070087,3,0.0,439.0,440.0,0.5649245327667878,0.5684030409438168,-0.1723098791060393,0.0,6.0,75.0,0.00117423644076,0.998826452705083,-3.042387594850908,0.0,0.006852248329018,0.9931711747936762,-2.466143768023972
CDK4,CDK6,CDK6,0.2847966625,ENSG00000135446,12,ENSG00000127824,2,,,,,,,,,,,,,,,,
ASF1A,ASF1B,ASF1A,0.2576775384,ENSG00000111875,6,ENSG00000179134,19,0.0,3.0,3.0,2.6321809872132377e-05,0.9999736785365436,-4.043572236658629,0.0,49.0,10.0,0.001278613013272,0.998722204064068,-3.0166802981074,0.0,0.000381545645593,0.9996185271336904,-3.3658992343964336
TUBA1C,TUBA8,"TUBA3C, TUBA4A, TUBA3D, TUBA1B, TUBA1A, TUBAL3, TUBA3E, TUBA8",0.1151899409,ENSG00000167553,12,ENSG00000108515,17,1.0,96.0,733.0,0.205801457453579,0.981515962840512,-2.086116468113437,0.0,5.0,53.0,0.000691494792892,0.9993087442345338,-3.1982775421013856,0.0,0.0095126856537315,0.9905324168119496,-2.346804907831572
VPS4A,VPS4B,VPS4B,0.3033674892,ENSG00000132612,16,ENSG00000132639,20,0.0,1.0,2.0,5.849291082696084e-06,0.9999941507260244,-4.383131444870765,0.0,191.0,106.0,0.0528302021769502,0.94854105901613,-1.6308693894548405,0.0,0.00099149956882,0.9990089918044652,-3.0929138866230543
MYH10,MYH9,"MYH11, MYH14, MYH10",0.5065487149,ENSG00000133026,17,ENSG00000111666,12,0.0,118.0,45.0,0.0155298678245581,0.9845900987482276,-2.1593915551654304,2.0,1119.0,482.0,1.4074084849232205,0.831704537854577,-0.9609229224451163,0.0,0.1306988502301914,0.8774819881038259,-1.1624911344331932
BCAR1,NEDD9,"NEDD9, CASS4, EFS",0.1693597016,ENSG00000050820,16,ENSG00000137713,11,1.0,256.0,118.0,0.0883476925130416,0.9963197639234698,-2.6800792971104834,0.0,236.0,289.0,0.177972493790216,0.8369654449192604,-0.9820623950096062,0.0,0.0722808376767028,0.930269604368284,-1.4778019688056183
NDE1,NDEL1,NDEL1,0.1751912371,ENSG00000072864,16,ENSG00000188229,9,0.0,79.0,102.0,0.0235667937721825,0.976708734429351,-1.990076299606846,0.0,79.0,433.0,0.089260235397952,0.9146075293476588,-1.369685998309853,0.0,0.020914930695162,0.9793022695893596,-2.0395470465718866
NCKAP1,NCKAP1L,NCKAP1L,0.2404372209,ENSG00000061676,2,ENSG00000073712,14,,,,,,,,,,,,,,,,
EFR3A,EFR3B,EFR3B,0.7377576695,ENSG00000132294,8,ENSG00000109107,17,0.0,120.0,65.0,0.0228122352225147,0.9774459964741592,-2.0036458837614357,1.0,280.0,808.0,0.590353894127888,0.8812646263307223,-1.181332283295396,0.0,0.0472389846924731,0.953859412550618,-1.683485340463866
RAB6A,RAB6C,"RAB6C, RAB41, RAB6B",0.104926564,ENSG00000175582,11,ENSG00000105810,7,0.0,2.0,7.0,4.094503757887258e-05,0.9999590558006576,-3.9388051480693433,0.0,19.0,12.0,0.0005949464633184,0.999405230482236,-3.2413766445170054,0.0,0.0003452079650603,0.9996548516123536,-3.393404284562168
RAB6A,RAB6B,"RAB6C, RAB41, RAB6B",0.6488652517,ENSG00000175582,11,ENSG00000138777,4,0.0,73.0,7.0,0.0014944938716288,0.9985066223282169,-2.969097785591864,0.0,263.0,12.0,0.008235311571197,0.9917985057115136,-2.399823281645142,0.0,0.0047784049900463,0.9952329934244374,-2.592287242847253
CCND1,CCND2,"CCND3, CCND1",0.1252418243,ENSG00000110092,11,ENSG00000196542,3,0.0,219.0,2.0,0.0012809947471104,0.998719825376432,-3.0161164319598197,0.0,0.0,19.0,0.0,1.0,-inf,0.0,0.0,1.0,-inf
IRS1,IRS2,"IRS2, IRS4",0.1891747265,ENSG00000169047,2,ENSG00000198807,14,,,,,,,,,,,,,,,,
IKZF3,IKZF4,"IKZF4, IKZF1, IKZF2",0.1318739585,ENSG00000161405,17,ENSG00000109971,11,0.0,14.0,11.0,0.0004503954133675,0.9995497059994208,-3.319871782371115,0.0,187.0,275.0,0.1341891310357436,0.8744246681198616,-1.1475589995791484,0.0,0.0053390434896932,0.9946751838715708,-2.5539899754692743
ATP2C1,ATP2C2,ATP2C2,0.213094281,ENSG00000017260,3,ENSG00000205250,16,0.0,200.0,18.0,0.0105287239488529,0.9895265090508488,-2.308938721480787,0.0,123.0,444.0,0.1425053344506374,0.8671829283353917,-1.1131729835980204,0.0,0.005746544621381,0.9942699351837389,-2.528346165137075
MTA2,MTA3,"MTA3, MTA1",0.1483085688,ENSG00000149480,11,ENSG00000092068,14,0.0,16.0,102.0,0.00477302152348,0.995238351242405,-2.5926740681854845,1.0,368.0,1014.0,0.973708169649972,0.745429977096755,-0.6601773185283407,0.0,0.0974265126053116,0.9071690045930147,-1.3235215614398452
MBNL1,MBNL2,"MBNL3, ZC3H10, MBNL2",0.177983699,ENSG00000152601,3,ENSG00000108654,17,0.0,10.0,0.0,0.0,1.0,-inf,0.0,12.0,332.0,0.0103959066221954,0.9896579440446668,-2.3137013115172915,0.0,0.0,1.0,-inf
CPD,CPM,"CPZ, CPE, CPN1, CPM, CPXM1, CPXM2, AEBP1",0.1255200697,ENSG00000108582,17,ENSG00000109971,11,0.0,14.0,82.0,0.0033574930814675,0.9966481369956842,-2.71121442004909,1.0,187.0,1426.0,0.6958316394798925,0.8456426769985179,-1.017922798701013,0.0,0.0398001423777133,0.9609814794348682,-1.7621909471194908
ZNF217,ZNF536,"ZNF219, ZNF536, ZNF516",0.1266806608,ENSG00000171940,20,ENSG00000112242,6,0.0,9.0,10.0,0.0002632180987213,0.9997368165401233,-3.466966789412508,0.0,271.0,140.0,0.0990011790276347,0.9057416401284952,-1.3149797156602323,0.0,0.0070339367316814,0.9929907435009896,-2.4567886570696023
ZNF217,ZNF516,"ZNF219, ZNF536, ZNF516",0.1475345997,ENSG00000171940,20,ENSG00000109332,4,0.0,225.0,10.0,0.006580452468033,0.9934411512958208,-2.480557855111236,0.0,2.0,140.0,0.000730636007584,0.99926963084191,-3.182372466751431,0.0,5.191097218953091e-05,0.9999480903751616,-3.881488060999687
EPC1,EPC2,EPC2,0.1538578524,ENSG00000120616,10,ENSG00000133884,11,0.0,9.0,13.0,0.0003421835283377,0.9996578750097688,-3.395813368153083,0.0,525.0,9.0,0.0123294826279803,0.9877462140233948,-2.2490774028820337,0.0,0.0177146192596774,0.9824413621992972,-2.1070035067678914
SLC2A1,SLC2A3,"SLC2A5, SLC2A7, SLC2A3, SLC2A9, SLC2A14, SLC2A2, SLC2A4, SLC2A11",0.4956574481,ENSG00000117394,1,ENSG00000118971,12,0.0,2.0,1.0,5.849291082696084e-06,0.9999941507260244,-4.383131444870765,0.0,134.0,154.0,0.0538478737589422,0.947576246750297,-1.6217937996001213,0.0,0.0003478035136698,0.9996522569629608,-3.3913524213703834
SLC2A1,SLC2A14,"SLC2A5, SLC2A7, SLC2A3, SLC2A9, SLC2A14, SLC2A2, SLC2A4, SLC2A11",0.2500140609,ENSG00000117394,1,ENSG00000092439,15,0.0,2.0,253.0,0.0014798706439221,0.998521223824682,-2.972115671251508,1.0,134.0,1706.0,0.5965225495633474,0.8792423641969155,-1.171207773085884,0.0,0.0879942889584738,0.9157661066866548,-1.3771438213737806
PRKAR1A,PRKAR1B,"PRKAR1B, PRKAR2A, PRKAR2B",0.2350570677,ENSG00000108946,17,ENSG00000111196,12,0.0,14.0,1.0,4.094503757887258e-05,0.9999590558006576,-3.9388051480693433,0.0,226.0,1.0,0.0005897276346928,0.9994104462204714,-3.243886414260248,0.0,0.0005865939857416,0.9994135780268748,-3.245403289433741
HK1,HK2,"HK3, HKDC1, HK1, GCK",0.1761436223,ENSG00000156515,10,ENSG00000069849,3,0.0,7.0,46.0,0.000941735864314,0.9990587074297388,-3.10815624049794,0.0,50.0,185.0,0.0241370823934006,0.9761518873487304,-1.9800650003739624,0.0,0.005969761801796,0.9940480218205948,-2.5149787349853936
STX2,STX4,"STX2, STX1A, STX1B, STX11, STX3, STX19",0.5522505793,ENSG00000111450,12,ENSG00000072803,5,0.0,12.0,79.0,0.0027725639731979,0.9972312760325878,-2.773983543018751,2.0,454.0,538.0,0.6373546647300429,0.9730339292369836,-1.9273811941414625,0.0,0.0930919464274857,0.9111097231606032,-1.3476202513003797
STX1A,STX4,"STX2, STX1A, STX1B, STX11, STX3, STX19",0.1679968116,ENSG00000106089,7,ENSG00000171552,20,0.0,5.0,0.0,0.0,1.0,-inf,0.0,326.0,80.0,0.0680535252778258,0.934210468364087,-1.5079041386470158,0.0,0.0,1.0,-inf
SP1,SP4,"SP4, SP3, SP5, SP8, SP2, SP7, SP9",0.1510769179,ENSG00000185591,12,ENSG00000102547,13,0.0,1.0,196.0,0.0005732305261042,0.9994269337391252,-3.2519572668666186,0.0,917.0,46.0,0.1100703145425325,0.8957711473436303,-1.2578176657830649,0.0,0.4665031426784384,0.6271916377659222,-0.3244244328430633
SP1,SP9,"SP4, SP3, SP5, SP8, SP2, SP7, SP9",0.1134077683,ENSG00000185591,12,ENSG00000105053,19,0.0,1.0,161.0,0.000470867932157,0.99952924290875,-3.3074443449753668,0.0,917.0,51.0,0.1220344791667209,0.8851178498505886,-1.200966232283141,1.0,0.3831990100572888,0.942895263023437,-1.5795521096969256
EIF5A,EIF5A2,"EIF5AL1, EIF5A2",0.1903903655,ENSG00000132507,17,ENSG00000050438,12,0.0,74.0,5.0,0.0010821188502987,0.9989184664291711,-3.0668785637212626,0.0,1292.0,0.0,0.0,1.0,-inf,0.0,0.0167672440172184,0.983372543842584,-2.128992120544287
SNAP23,SNAP25,SNAP25,0.529855651,ENSG00000092531,15,ENSG00000169045,5,0.0,18.0,27.0,0.0014213777330951,0.9985796319458,-2.984466171668648,0.0,28.0,220.0,0.0160739921668484,0.9840545050363232,-2.145774300894506,0.0,0.0019622347487642,0.9980396891752378,-2.884478792313034
DHX29,DHX57,"DHX36, DHX57",0.1511136719,ENSG00000067248,5,ENSG00000165238,9,0.0,266.0,153.0,0.1190272242417826,0.8877836311967262,-1.2148252780045583,1.0,131.0,1338.0,0.4573729219189709,0.9224358216122904,-1.421648365176264,0.0,0.0520225807797384,0.9493074304988736,-1.6381752596975878
ESRP1,HNRNPH1,"ESRP1, HNRNPH2, GRSF1, HNRNPF, ESRP2, HNRNPH3",0.2528341159,ENSG00000104413,8,ENSG00000169045,5,0.0,18.0,44.0,0.0023163192687476,0.997686361328624,-2.831896849024117,0.0,28.0,543.0,0.0396735352118122,0.961103154278754,-1.7636335732619377,0.0,0.0031977158868751,0.9968073913612784,-2.7273143726928017
HNRNPF,HNRNPH1,"ESRP1, HNRNPH2, GRSF1, HNRNPF, ESRP2, HNRNPH3",0.317157609,ENSG00000169813,10,ENSG00000111674,12,0.0,141.0,25.0,0.0103093755332518,0.9897435839294492,-2.3168329725972963,0.0,229.0,523.0,0.3125217240011261,0.7315997355005299,-0.617658415867332,0.0,0.0148595157892532,0.985250341997843,-2.176748787407084
ESRP2,HNRNPH1,"ESRP1, HNRNPH2, GRSF1, HNRNPF, ESRP2, HNRNPH3",0.2088515854,ENSG00000103067,16,ENSG00000159399,2,,,,,,,,,,,,,,,,
ATP6V0D1,ATP6V0D2,ATP6V0D2,0.1276448432,ENSG00000159720,16,ENSG00000171608,1,0.0,27.0,30.0,0.0023689628884919,0.9976338408896392,-2.8247116510630352,0.0,280.0,9.0,0.0065757240682561,0.9934458486938444,-2.480813259385646,0.0,0.0218026083196029,0.9784333505941124,-2.0224169173077247
NMT1,NMT2,NMT2,0.5447425364,ENSG00000136448,17,ENSG00000164967,9,0.0,23.0,9.0,0.000605401627059,0.9993947815915304,-3.2364093110118746,0.0,0.0,152.0,0.0,1.0,-inf,0.0,0.0,1.0,-inf
EIF4A1,EIF4A2,EIF4A2,0.2921506278,ENSG00000161960,17,ENSG00000104695,8,0.0,20.0,5.0,0.0002924645541348,0.999707578209454,-3.438547658767459,0.0,249.0,125.0,0.0812180204859022,0.9219926562435958,-1.4186033539648175,0.0,0.0032314580187982,0.9967737575222188,-2.7238548919020333
RPP25,RPP25L,RPP25,0.6310664525,ENSG00000178718,15,ENSG00000163584,3,0.0,149.0,371.0,0.1616714808801784,0.8507206366330881,-1.0395291103683415,0.0,14.0,150.0,0.0054797700568801,0.9945352164962736,-2.544942704442173,0.0,0.0134812794776211,0.9866091859841966,-2.214685948004833
VRK1,VRK3,"VRK3, VRK2",0.133725817,ENSG00000100749,14,ENSG00000105851,7,0.0,263.0,161.0,0.1238382661573001,0.8835227248532558,-1.1927825387975322,1.0,1446.0,208.0,0.7848283240322517,0.814235135502873,-0.8936116162454144,0.0,0.6042592895777967,0.5464790594982076,-0.1167705509516235
VRK1,VRK2,"VRK3, VRK2",0.3109858788,ENSG00000100749,14,ENSG00000005243,17,0.0,161.0,91.0,0.0428489818262901,0.958056063019582,-1.7285599992441472,0.0,208.0,372.0,0.2019060418672182,0.8171717042627948,-0.9046391425588292,0.0,0.049128544080172,0.9520587403174144,-1.665151574683593
PABPC1,PABPC4,"PABPC1L, PABPC3, PABPC5, PABPC4, PABPC4L",0.3340237291,ENSG00000070756,8,ENSG00000143545,1,0.0,15.0,3.0,0.0001316090493606,0.9998683996107304,-3.6490608321814335,0.0,33.0,919.0,0.0791357078642877,0.923914533468887,-1.431905272669682,0.0,0.0002569593123381,0.9997430736988784,-3.473429362771781
ALDOA,ALDOC,"ALDOC, ALDOB",0.2471800177,ENSG00000149925,16,ENSG00000112186,6,0.0,31.0,12.0,0.0010879681413814,0.998912623481382,-3.0652676204716176,0.0,350.0,1.0,0.00091329500948,0.9990871219174716,-3.117203306028591,1.0,0.0109013041598014,0.9999410108549054,-3.8502895002821247
E2F2,E2F3,"E2F1, E2F2, E2F5, E2F4, E2F6",0.1496096422,ENSG00000007968,1,ENSG00000140650,16,0.0,75.0,186.0,0.0407988053018051,0.960022261907829,-1.7509444670810344,2.0,688.0,1538.0,2.7611360986035183,0.4787689048199738,0.0532436093435861,0.0,0.3321471644574946,0.717381741990882,-0.5750810016986185
E2F3,E2F4,"E2F1, E2F2, E2F5, E2F4, E2F6",0.1277779502,ENSG00000112242,6,ENSG00000117569,1,0.0,0.0,9.0,0.0,1.0,-inf,0.0,40.0,271.0,0.0282860511507527,0.9721102537691176,-1.912754469227332,0.0,0.0009343974994115,0.9990660389139936,-3.110466286826433
ANKRD11,TONSL,"BARD1, TONSL, ANKRD12, ANKRD31",0.1303808486,ENSG00000167522,16,ENSG00000160949,8,0.0,421.0,23.0,0.028319342776873,0.972077891176706,-1.9122493606085595,0.0,959.0,9.0,0.0225218549337774,0.9777298687383008,-2.008970498300624,0.0,0.0572500156792241,0.9443579355584868,-1.5924477746815742
ANKRD11,ANKRD12,"BARD1, TONSL, ANKRD12, ANKRD31",0.1002712479,ENSG00000167522,16,ENSG00000135423,12,0.0,182.0,23.0,0.0122425662360829,0.9878320690914804,-2.251785003692136,0.0,535.0,9.0,0.0125643299161323,0.9875142717402232,-2.2418439978659803,0.0,0.0319382256396088,0.9685664128018234,-1.8601297263022505
GATAD2A,GATAD2B,GATAD2B,0.1616727979,ENSG00000167491,19,ENSG00000178035,3,0.0,158.0,52.0,0.0240288877677155,0.9762575074504548,-1.981948677114247,0.0,363.0,77.0,0.0729357394570747,0.92966056859923,-1.473267713861818,0.0,0.0489935755524792,0.9521872469558528,-1.666441523792186
FAM98B,FAM98C,"FAM98C, FAM98A",0.228176605,ENSG00000171262,15,ENSG00000004059,7,0.0,6.0,323.0,0.0056679630591325,0.994348069538462,-2.533162274096523,0.0,135.0,862.0,0.3036575435805442,0.7381135949127446,-0.6375405429965366,0.0,0.1131788971162247,0.8929908923299907,-1.2425920110104287
CCNT1,CCNT2,CCNT2,0.1549237773,ENSG00000129315,12,ENSG00000084710,2,,,,,,,,,,,,,,,,
GLS,GLS2,GLS2,0.1242357434,ENSG00000115419,2,ENSG00000169925,9,,,,,,,,,,,,,,,,
SLC7A1,SLC7A2,"SLC7A2, SLC7A4, SLC7A14, SLC7A3",0.3080729752,ENSG00000139514,13,ENSG00000143384,1,0.0,28.0,25.0,0.0020472518789436,0.9979548423118284,-2.8711112552057294,0.0,675.0,321.0,0.5653948462259554,0.5681357761974593,-0.1716299659314816,0.0,0.0437998827849167,0.957145479596777,-1.7184803214024569
CEPT1,CHPT1,"CHPT1, EPT1",0.3752609655,ENSG00000134255,1,ENSG00000174292,17,0.0,14.0,963.0,0.0394300711884543,0.9613371768064338,-1.7664186028550382,0.0,140.0,451.0,0.1647584197101964,0.8480985632386422,-1.028312456331866,1.0,0.3499318635296278,0.951345725292643,-1.6580441796686436
RRAGC,RRAGD,RRAGD,0.5309713785,ENSG00000116954,1,ENSG00000082258,2,0.0,15.0,49.0,0.0021496144728908,0.9978526942936846,-2.8556700791193057,0.0,211.0,196.0,0.1079149383201597,0.8977039533891378,-1.2685766597498322,0.0,0.026835377073378,0.97352149229069,-1.935271274403929
SLC4A4,SLC4A7,"SLC4A10, SLC4A4, SLC4A1, SLC4A11, SLC4A5, SLC4A8, SLC4A2, SLC4A9, SLC4A3",0.1539986302,ENSG00000080493,4,ENSG00000128340,22,0.0,520.0,5.0,0.0076040784075049,0.9924247594552906,-2.4287618335408734,0.0,112.0,110.0,0.0321479843336968,0.9683632688822832,-1.8572649936122767,0.0,0.0014535072213068,0.9985475486087002,-2.9776259340841014
SLC4A7,SLC4A8,"SLC4A10, SLC4A4, SLC4A1, SLC4A11, SLC4A5, SLC4A8, SLC4A2, SLC4A9, SLC4A3",0.1239941475,ENSG00000033867,3,ENSG00000253506,17,1.0,231.0,141.0,0.095258629927247,0.9957409925729798,-2.630815964306389,0.0,253.0,0.0,0.0,1.0,-inf,0.0,0.0925910055458568,0.9115662496054172,-1.3504630422215247
SLC7A5,SLC7A8,"SLC7A7, SLC7A6, SLC7A11, SLC7A8, SLC7A9, SLC7A10, SLC7A13",0.1974499052,ENSG00000103257,16,ENSG00000101421,20,0.0,108.0,1.0,0.0003158617184655,0.9996841881605952,-3.417658227720602,0.0,501.0,88.0,0.1150438582227295,0.8913270510292367,-1.233616349025809,0.0,0.0013003698533477,0.9987004752611698,-3.0115647708834667
SLC7A10,SLC7A5,"SLC7A7, SLC7A6, SLC7A11, SLC7A8, SLC7A9, SLC7A10, SLC7A13",0.1107848694,ENSG00000130876,19,ENSG00000163577,3,0.0,85.0,125.0,0.0310743588768229,0.9694034866414712,-1.872098144145927,0.0,110.0,1044.0,0.2996651396819601,0.7410663328458458,-0.6466363377771336,0.0,0.0356887933803024,0.964940542645422,-1.8111417341422955
MYC,MYCN,"MYC, MYCL1",0.1901115596,ENSG00000136997,8,ENSG00000134323,2,,,,,,,,,,,,,,,,
CCNL1,CCNL2,CCNL2,0.1784835166,ENSG00000163660,3,ENSG00000149781,11,0.0,13.0,117.0,0.0044483858683903,0.9955614935454496,-2.6167546240802424,0.0,218.0,676.0,0.3845441684487208,0.6807608777772344,-0.4698275291840583,0.0,0.0662020628333087,0.9359417261463704,-1.521571242692052
HSPA1L,HSPA8,"HSPA1L, HSPA1B, HSPA6, HSPA2, HSPA1A",0.1279713507,ENSG00000204390,6,ENSG00000109332,4,0.0,225.0,158.0,0.1039711489949229,0.901251299051921,-1.288714378476581,0.0,2.0,1451.0,0.0075725203357458,0.992456078961254,-2.4302636720023103,0.0,0.0008201933605945,0.999180142906039,-3.1487481914527065
HSPA1B,HSPA8,"HSPA1L, HSPA1B, HSPA6, HSPA2, HSPA1A",0.2094044606,ENSG00000204388,6,ENSG00000152518,2,,,,,,,,,,,,,,,,
HSPA1A,HSPA8,"HSPA1L, HSPA1B, HSPA6, HSPA2, HSPA1A",0.3410902314,ENSG00000204389,6,ENSG00000155926,8,0.0,119.0,53.0,0.0184457394292821,0.9817233420154428,-2.090718384589559,0.0,0.0,47.0,0.0,1.0,-inf,0.0,0.0,1.0,-inf
TRA2A,TRA2B,TRA2A,0.2271322166,ENSG00000164548,7,ENSG00000213281,1,0.0,21.0,82.0,0.0050362396222013,0.9949764209697228,-2.5742020506237684,0.0,101.0,170.0,0.0448036437507772,0.956185216343718,-1.7080365148161885,0.0,0.0214963335836847,0.9787330659054504,-2.0282585385108765
BCLAF1,THRAP3,"CXorf23, THRAP3",0.1448918546,ENSG00000029363,6,ENSG00000105011,19,0.0,12.0,62.0,0.0021759362827629,0.997826429350457,-2.8518075333440533,1.0,1025.0,274.0,0.7328540097498999,0.8326980030469717,-0.9648818486569566,0.0,0.1649471141322344,0.8479385468679936,-1.0276321261958707
SMARCA2,SMARCA4,SMARCA2,0.3458233946,ENSG00000080503,9,ENSG00000184009,17,0.0,701.0,21.0,0.0430537070141845,0.9578599448879126,-1.7263742222722365,0.0,68.0,0.0,0.0,1.0,-inf,0.0,0.0037064434143325,0.9963004169685684,-2.6783237546443788
CDH2,CDH3,"DSC1, CDH4, CDH16, CDH3, CDH1, CDH26, DSC3, DSC2, CDH15, CDH17",0.2122591785,ENSG00000170558,18,ENSG00000111859,6,0.0,226.0,7.0,0.0046267892464126,0.9953838978542788,-2.6033337068802616,3.0,386.0,843.0,0.8490981985565175,0.9889083742071652,-2.287215434140266,0.0,0.0070131723428056,0.9930113625610082,-2.4578468939847498
CDH1,CDH2,"DSC1, CDH4, CDH16, CDH3, CDH1, CDH26, DSC3, DSC2, CDH15, CDH17",0.2072385305,ENSG00000039068,16,ENSG00000175470,10,0.0,14.0,61.0,0.0024976472923112,0.9975054692334864,-2.807739183341649,0.0,349.0,180.0,0.1639234071301004,0.8488070319570893,-1.0313303381262249,0.0,0.0552566343471461,0.9462422785211072,-1.6094616098020076
CDH2,CDH26,"DSC1, CDH4, CDH16, CDH3, CDH1, CDH26, DSC3, DSC2, CDH15, CDH17",0.2196396115,ENSG00000170558,18,ENSG00000085449,2,,,,,,,,,,,,,,,,
AHCYL1,AHCYL2,"AHCY, AHCYL2",0.1288677295,ENSG00000168710,1,ENSG00000119541,18,0.0,26.0,91.0,0.0069197113508294,0.9931041747250876,-2.4626447100152298,0.0,172.0,564.0,0.2531340636561093,0.7763637926780906,-0.7599701719426346,0.0,0.0406255268355268,0.960188627506337,-1.752879197954318
SPTSSA,SPTSSB,SPTSSB,0.2070435786,ENSG00000165389,14,ENSG00000168374,3,0.0,10.0,17.0,0.0004971897420291,0.9995029338363092,-3.2921820606879564,0.0,50.0,178.0,0.0232237873839206,0.9770438092278444,-1.9961979405491967,0.0,0.002206216318055,0.9977962155884,-2.847416260910605
ZFP36L1,ZFP36L2,"ZFP36L2, ZFP36",0.2150352724,ENSG00000185650,14,ENSG00000090621,1,0.0,44.0,1.0,0.0001286844038193,0.9998713238756636,-3.6548301988570895,0.0,89.0,104.0,0.0241527388792774,0.9761366043601318,-1.9797930177129044,0.0,0.0002310038262434,0.999769022853086,-3.501899235165037
PTBP1,PTBP2,"PTBP3, PTBP2",0.1915492067,ENSG00000011304,19,ENSG00000177885,17,0.0,2.0,252.0,0.0014740213528394,0.9985270644830544,-2.973330456736234,0.0,9.0,45.0,0.001056812796684,0.998943745433294,-3.0739414137875,0.0,0.0058867042462928,0.9941305884481836,-2.519899843091397
CAP1,CAP2,CAP2,0.3032565781,ENSG00000131236,1,ENSG00000112576,6,0.0,23.0,28.0,0.0018834717286281,0.9981183008911804,-2.8973415232033704,0.0,40.0,132.0,0.0137777075715843,0.9863167706459106,-2.206250592157472,0.0,0.0029070144426137,0.9970972068324444,-2.7585644076291493
ENO1,ENO3,"ENO3, ENO2",0.2041937722,ENSG00000074800,1,ENSG00000156976,3,0.0,82.0,9.0,0.0021583884095148,0.997843939235793,-2.8543778157833057,0.0,768.0,15.0,0.0300604528834568,0.970386869091003,-1.8865100023178345,0.0,0.0179404319887018,0.982219539480332,-2.1019127319655584
ENO1,ENO2,"ENO3, ENO2",0.3015743548,ENSG00000074800,1,ENSG00000222014,2,0.0,82.0,37.0,0.0088733745724499,0.9911658776300708,-2.3724982937413275,0.0,768.0,9.0,0.018036271730074,0.9821254083245224,-2.0997688082642254,0.0,0.0737551092868855,0.9288991447638136,-1.4676412001041037
ARF1,ARF3,"ARF3, ARF6, ARF4, ARL17B, ARF5",0.177111685,ENSG00000143761,1,ENSG00000129521,14,,,,,,,,,,,,,,,,
ARF1,ARF4,"ARF3, ARF6, ARF4, ARL17B, ARF5",0.1278928826,ENSG00000143761,1,ENSG00000064270,16,,,,,,,,,,,,,,,,
ARF1,ARF5,"ARF3, ARF6, ARF4, ARL17B, ARF5",0.142653598,ENSG00000143761,1,ENSG00000025039,6,,,,,,,,,,,,,,,,
PPP1CA,PPP1CB,"PPP1CB, PPP1CC",0.1672048185,ENSG00000172531,11,ENSG00000185950,13,0.0,59.0,43.0,0.0074198257383999,0.9926076332130778,-2.4376095515980096,0.0,36.0,1544.0,0.1450416851626791,0.8649862352672757,-1.1029991610856067,0.0,0.0040179092474696,0.995990151750158,-2.651239440512249
PPP1CA,PPP1CC,"PPP1CB, PPP1CC",0.1736223044,ENSG00000172531,11,ENSG00000135999,2,,,,,,,,,,,,,,,,
POC1A,POC1B,POC1B,0.1989173203,ENSG00000164087,3,ENSG00000125870,20,0.0,95.0,34.0,0.0094466050985541,0.9905978739066704,-2.349388954077041,0.0,585.0,181.0,0.2762978345108355,0.7585869637352521,-0.7017644496744242,0.0,0.0516254618424885,0.9496844933212352,-1.6418021500007185
GRB2,SLA,"GRAP, GRAPL, SLA, SLA2, GRAP2",0.1046840174,ENSG00000177885,17,ENSG00000134323,2,,,,,,,,,,,,,,,,
GRAP2,GRB2,"GRAP, GRAPL, SLA, SLA2, GRAP2",0.1334150962,ENSG00000100351,22,ENSG00000169750,17,,,,,,,,,,,,,,,,
CYB5A,CYB5B,CYB5A,0.384518526,ENSG00000166347,18,ENSG00000102882,16,0.0,115.0,11.0,0.0036996766098052,0.9963071587615504,-2.678934568000536,0.0,577.0,165.0,0.2484292896501307,0.7800250147268324,-0.772277699446755,0.0,0.0164739470243476,0.9836610063530904,-2.13601750172731
HNRNPM,MYEF2,MYEF2,0.2090895595,ENSG00000099783,19,ENSG00000143384,1,0.0,28.0,3.0,0.0002456702254732,0.9997543599489856,-3.4854662995911374,0.0,675.0,426.0,0.7503370856456604,0.4722073515903146,0.0697222861273072,0.0,0.00525598593419,0.99475780259187,-2.559430066450968
SNRPA,SNRPB2,SNRPB2,0.1897006588,ENSG00000077312,19,ENSG00000076555,12,0.0,1109.0,23.0,0.0745989338231645,0.9281156474873368,-1.461899671505523,0.0,414.0,278.0,0.3003227120887857,0.740579188257712,-0.6451320380747873,0.0,0.0247148138594356,0.9755880965632996,-1.9701270902899612
PPP2CA,PPP2CB,"PPP4C, PPP2CB",0.4727819836,ENSG00000113575,5,ENSG00000164695,8,0.0,3.0,31.0,0.0002719920353453,0.9997280449511348,-3.4581442395018325,0.0,15.0,383.0,0.0149910852270364,0.985120721691493,-2.1732892161086923,0.0,0.0012069301034065,0.9987937979438004,-3.03411755093164
ACTB,ACTG1,"ACTA2, POTEF, ACTG2, POTEI, POTEJ, ACTRT2, ACTC1, ACTRT1, ACTG1, ACTL7A, ACTBL2, ACTL7B, ACTA1",0.168717489,ENSG00000075624,7,ENSG00000137693,11,0.0,1.0,36.0,0.0001052872394885,0.9998947183030183,-3.705993867117769,0.0,14.0,22.0,0.0008036996083424,0.9991966232716823,-3.154677974077717,0.0,0.0013081564991761,0.9986926987645568,-3.0097529696667693
MAGOH,MAGOHB,MAGOHB,0.4696751852,ENSG00000162385,1,ENSG00000158186,3,0.0,0.0,6.0,0.0,1.0,-inf,0.0,60.0,5.0,0.00078282429384,0.9992174820331589,-3.162345806878567,0.0,0.0009343974994115,0.9990660389139936,-3.110466286826433
XYLT1,XYLT2,"GCNT1, GCNT2, GCNT4, GCNT6, GCNT7, GCNT3, XYLT1",0.2198740359,ENSG00000103489,16,ENSG00000170558,18,0.0,37.0,7.0,0.0007574831952091,0.999242803622762,-3.1719112580647244,4.0,2043.0,843.0,4.49406119080561,0.533231178299921,-0.0833947744809353,0.0,0.037118940664124,0.9635615218857504,-1.7936005028520812
