gene_1,gene_2,both_missense_lof,missense_1,lof_2,expected_both_missense_lof,p-value_missense_lof,z-score_missense_lof
ENSG00000003989,ENSG00000139514,0.0,279,25,0.0181039515510989,0.9820589405019536,-2.098260735685773
ENSG00000005249,ENSG00000108946,0.0,395,1,0.0010252417007432,0.9989752836799664,-3.0829737034663465
ENSG00000006451,ENSG00000133703,0.0,30,298,0.0232042045687203,0.977062942683546,-1.996549764604457
ENSG00000007968,ENSG00000112242,0.0,688,9,0.0160716369898787,0.9840568226615596,-2.1458323748661754
ENSG00000012048,ENSG00000105173,0.0,69,8,0.001432742832431,0.9985682830535788,-2.982030586884708
ENSG00000013293,ENSG00000139514,0.0,1390,25,0.0901953141793099,0.91375269898285,-1.364231865777768
ENSG00000015532,ENSG00000124091,2.0,544,526,0.7427006613100566,0.960458394621314,-1.7560304419738164
ENSG00000017260,ENSG00000064270,0.0,123,559,0.1784621357417788,0.836555731839961,-0.9804003515076242
ENSG00000018408,ENSG00000137693,0.0,12,36,0.0011212769992938,0.99887935139687,-3.056242744677365
ENSG00000020577,ENSG00000179134,0.0,567,3,0.0044150281847196,0.9955947037247302,-2.61931740861793
ENSG00000028116,ENSG00000100749,0.0,653,161,0.2728778119600976,0.761185789746596,-0.7101221036023241
ENSG00000030110,ENSG00000171552,0.0,180,0,0.0,1.0,-inf
ENSG00000030419,ENSG00000161405,0.0,82,11,0.0023411848457478,0.9976615535900148,-2.828484757374827
ENSG00000033867,ENSG00000004939,0.0,253,16,0.010506780771161,0.9895482226450996,-2.309721915308052
ENSG00000033867,ENSG00000050438,0.0,253,74,0.0485938610666198,0.952567926068121,-1.6702791425370518
ENSG00000033867,ENSG00000080493,0.0,253,520,0.3414703750627343,0.7107245224773738,-0.5555025666397193
ENSG00000033867,ENSG00000088836,0.0,253,203,0.1333047810341059,0.8751983076101675,-1.1513132579562195
ENSG00000033867,ENSG00000113073,0.0,253,699,0.4590149849400987,0.631905775758351,-0.3369050895582146
ENSG00000033867,ENSG00000164889,0.0,253,61,0.0400571016900515,0.9607345780179106,-1.7592748043454465
ENSG00000039068,ENSG00000170558,0.0,180,7,0.0032703912479404,0.9967349506565576,-2.719903415312221
ENSG00000050820,ENSG00000087589,0.0,289,66,0.0495074941771556,0.9516980259161324,-1.6615454527114235
ENSG00000054118,ENSG00000029363,0.0,888,12,0.027658165982582,0.9727208190416662,-1.922376805759326
ENSG00000056097,ENSG00000129351,0.0,512,8,0.0106313671044159,0.9894249461399044,-2.305294100606579
ENSG00000057935,ENSG00000149480,0.0,622,16,0.0258308997615105,0.9744998638360588,-1.951477482043099
ENSG00000060237,ENSG00000126562,2.0,61,1100,0.1741613116958762,0.999226918598916,-3.1658767704971784
ENSG00000060237,ENSG00000182511,0.0,61,130,0.020582700473149,0.9796276774519732,-2.0461191929866587
ENSG00000061676,ENSG00000123338,0.0,37,105,0.0100837063478163,0.9899669637618492,-2.325110123384844
ENSG00000061938,ENSG00000169398,0.0,132,53,0.0181584580718979,0.98200541334469,-2.0970497302875653
ENSG00000062038,ENSG00000170558,0.0,680,7,0.0123548113811083,0.987721195960226,-2.248291504573384
ENSG00000065427,ENSG00000134440,0.0,37,208,0.0199753420985314,0.98022284324705,-2.058373291986776
ENSG00000069849,ENSG00000129244,0.0,50,10,0.0012977743047382,0.9987030674401636,-3.012170911007826
ENSG00000069849,ENSG00000186009,0.0,50,141,0.0182986176968096,0.9818677854794546,-2.093950061640852
ENSG00000070087,ENSG00000108518,0.0,6,41,0.0006385049579312,0.9993616988429812,-3.221188325037054
ENSG00000070756,ENSG00000101104,0.0,919,53,0.1264213861217741,0.8812434247837655,-1.1812255084256758
ENSG00000070756,ENSG00000151846,3.0,919,883,2.1062279989721984,0.8374641182538897,-0.9840889826357732
ENSG00000070831,ENSG00000136238,0.0,1,43,0.0001116085902074,0.9998883976377996,-3.6911929581398906
ENSG00000070985,ENSG00000092439,0.0,201,253,0.1319914334377107,0.87634850234125,-1.1569250205092638
ENSG00000072803,ENSG00000166167,0.0,454,214,0.2521731207023032,0.7771101925606727,-0.7624698771774022
ENSG00000072864,ENSG00000166579,0.0,433,20,0.0224774509580668,0.9777732847955592,-2.009789898160692
ENSG00000073712,ENSG00000101311,0.0,127,256,0.0843864763913014,0.91907598627734,-1.398883145990076
ENSG00000073712,ENSG00000171914,0.0,127,198,0.0652676653338972,0.9368166764669128,-1.528587861584661
ENSG00000074211,ENSG00000221914,0.0,20,7,0.0003633768053267,0.9996366892080284,-3.379332164679412
ENSG00000074800,ENSG00000108515,3.0,768,733,1.4611485164131643,0.9391387036257904,-1.547583557159484
ENSG00000074800,ENSG00000111674,0.0,768,25,0.0498345333019496,0.9513868343153564,-1.658451687134471
ENSG00000075624,ENSG00000107796,0.0,14,17,0.0006177405690554,0.9993824501933674,-3.230647956558152
ENSG00000075624,ENSG00000148156,0.0,14,59,0.0021439231514276,0.9978583734103016,-2.856510884684308
ENSG00000075624,ENSG00000159251,0.0,14,43,0.0015625202629048,0.9984386998363218,-2.955403828357845
ENSG00000075624,ENSG00000184009,0.0,14,21,0.0007630912911861,0.9992371997889284,-3.1697692441910243
ENSG00000075624,ENSG00000187003,0.0,14,151,0.0054869897604334,0.9945280362727568,-2.5444841622877767
ENSG00000075886,ENSG00000123416,0.0,17,2,8.824865272220254e-05,0.9999117552410756,-3.750489752906745
ENSG00000075886,ENSG00000167553,0.0,17,96,0.0042359353306657,0.9957730235891312,-2.633380704381985
ENSG00000076555,ENSG00000278540,0.0,414,119,0.1278722977944714,0.8799657455362676,-1.1748155716327058
ENSG00000077312,ENSG00000125870,0.0,278,34,0.0245331254567723,0.975765365709608,-1.973230837757945
ENSG00000079112,ENSG00000170558,0.0,342,7,0.0062137433710868,0.9938055220082258,-2.500867386343119
ENSG00000080224,ENSG00000060237,0.0,131,481,0.1635481134317266,0.8491256436700626,-1.032690602693254
ENSG00000080503,ENSG00000127616,0.0,68,20,0.0035299461088881,0.9964762768265154,-2.694593912624096
ENSG00000082258,ENSG00000129315,0.0,196,56,0.0284887415376145,0.9719132363331536,-1.9096869879833325
ENSG00000082512,ENSG00000127191,0.0,166,16,0.0068937771067697,0.993129930465108,-2.463986228191549
ENSG00000083067,ENSG00000092439,0.0,275,253,0.1805852945043306,0.8347814753881083,-0.973233933630216
ENSG00000084710,ENSG00000132294,0.0,809,120,0.2519758590079829,0.7772635017544492,-0.7629839019440162
ENSG00000084733,ENSG00000139998,0.0,24,9,0.0005606384996469,0.9994395186287512,-3.258263483981244
ENSG00000084733,ENSG00000166128,0.0,24,25,0.0015573291656859,0.9984438828421326,-2.9564294405041984
ENSG00000084733,ENSG00000167461,0.0,24,10,0.0006229316662743,0.9993772623153748,-3.228255823383074
ENSG00000084733,ENSG00000206418,0.0,24,133,0.0082849911614491,0.991749234792027,-2.3976298639355744
ENSG00000085449,ENSG00000185359,0.0,975,115,0.2910258878375577,0.7474963267041295,-0.6666318077244777
ENSG00000087088,ENSG00000171552,0.0,6,0,0.0,1.0,-inf
ENSG00000090621,ENSG00000070756,0.0,89,3,0.0006930114787302,0.9993072285982628,-3.19764594394314
ENSG00000092068,ENSG00000103257,0.0,1014,108,0.2842437193209954,0.7525832032856977,-0.6826411999175857
ENSG00000092439,ENSG00000130529,6.0,1706,1033,4.574130123383296,0.8214373051018908,-0.9208564278962824
ENSG00000092439,ENSG00000142185,5.0,1706,1395,6.177068269234946,0.4176738373019368,0.2078479715116321
ENSG00000092531,ENSG00000132639,0.0,220,2,0.0011420413881696,0.9988586104929144,-3.0507403365656405
ENSG00000100749,ENSG00000105053,0.0,208,161,0.0869197318341505,0.9167506785754392,-1.3835423119603183
ENSG00000100842,ENSG00000050820,0.0,414,118,0.1267977406701482,0.8809118272156639,-1.1795572717014178
ENSG00000101493,ENSG00000171940,0.0,625,10,0.0162221788092284,0.983908692107334,-2.142135054624608
ENSG00000102882,ENSG00000100030,0.0,577,8,0.0119810523813437,0.988090434645317,-2.2600341617395534
ENSG00000103018,ENSG00000166347,0.0,37,11,0.0010563882840569,0.9989441694976178,-3.074061212200203
ENSG00000103257,ENSG00000021488,0.0,501,247,0.321191353776894,0.7252844517915167,-0.5986128329394762
ENSG00000103257,ENSG00000130876,2.0,501,125,0.1625462316684686,0.9993660545907072,-3.2231501306993118
ENSG00000103489,ENSG00000015532,0.0,2043,76,0.4030056414962042,0.6683083290540238,-0.4352467365406398
ENSG00000104177,ENSG00000099783,0.0,472,3,0.0036752968310187,0.9963314488057764,-2.681143597555106
ENSG00000105357,ENSG00000100345,0.0,389,26,0.0262513786362457,0.9740901933648086,-1.9446292749255665
ENSG00000105810,ENSG00000135446,0.0,19,18,0.0008876776244409,0.99911271624479,-3.1255767588010515
ENSG00000105866,ENSG00000185591,0.0,265,1,0.0006878203815112,0.9993124161127024,-3.1998130035743246
ENSG00000106089,ENSG00000103496,0.0,326,115,0.0973071173692756,0.907277322716648,-1.3241737262449127
ENSG00000106624,ENSG00000108582,1.0,1222,82,0.2600843528639877,0.9715080855761984,-1.9034348376558492
ENSG00000106976,ENSG00000079805,0.0,518,19,0.0255453894144681,0.9747781333528982,-1.95618187144456
ENSG00000108582,ENSG00000088882,0.0,1426,303,1.121479452085407,0.3257974362015258,0.4515476750012125
ENSG00000108654,ENSG00000100201,0.0,332,10,0.0086172213834621,0.9914198004506232,-2.383252935013921
ENSG00000109332,ENSG00000072401,0.0,2,11,5.7102069408484e-05,0.9999428995608836,-3.858251976563777
ENSG00000109332,ENSG00000078967,0.0,2,109,0.0005658295968658,0.9994343304545118,-3.255648016771948
ENSG00000109332,ENSG00000131508,0.0,2,0,0.0,1.0,-inf
ENSG00000109472,ENSG00000108582,0.0,488,82,0.1038634731568134,0.9013483472656738,-1.289272679668724
ENSG00000109625,ENSG00000108582,0.0,2595,82,0.5523067886105141,0.575620443003319,-0.1907019459901967
ENSG00000109819,ENSG00000148840,0.0,709,44,0.0809707344212303,0.9222206803716472,-1.420168474414215
ENSG00000109832,ENSG00000168872,0.0,558,0,0.0,1.0,-inf
ENSG00000109971,ENSG00000126803,0.0,187,37,0.0179586008289682,0.9822016938525304,-2.1015055387957244
ENSG00000110092,ENSG00000118971,0.0,19,1,4.931542358005437e-05,0.9999506857924054,-3.893941571948797
ENSG00000110395,ENSG00000134440,0.0,83,208,0.044809551194003,0.9561795677505236,-1.7079756297804205
ENSG00000110721,ENSG00000100288,0.0,469,90,0.109558106806005,0.8962300857813332,-1.26035915696671
ENSG00000110721,ENSG00000139163,0.0,469,30,0.0365193689353349,0.964139419361404,-1.8008840258865728
ENSG00000111450,ENSG00000103496,0.0,538,115,0.1605865924683138,0.8516440744164079,-1.0435106494768185
ENSG00000111481,ENSG00000005243,0.0,23,91,0.0054324832396344,0.99458224601323,-2.547959403131433
ENSG00000111846,ENSG00000015532,0.0,29,76,0.0057205891352863,0.9942957422781322,-2.5299304012575847
ENSG00000111859,ENSG00000050820,0.0,386,118,0.1182220480644376,0.8884987412833711,-1.2185829662131002
ENSG00000111875,ENSG00000105011,0.0,49,62,0.0078852766755897,0.9921457305647864,-2.4156178340544603
ENSG00000112242,ENSG00000101412,0.0,271,0,0.0,1.0,-inf
ENSG00000112242,ENSG00000133740,0.0,271,22,0.0154746608096991,0.9846444565288908,-2.1607961845404065
ENSG00000112242,ENSG00000205250,0.0,271,18,0.0126610861170265,0.9874187282332486,-2.238898155538428
ENSG00000112576,ENSG00000110092,0.0,132,2,0.0006852248329018,0.9993150098800204,-3.200902198220013
ENSG00000112576,ENSG00000118971,0.0,132,1,0.0003426124164509,0.9996574462684809,-3.39547054009897
ENSG00000113575,ENSG00000104695,0.0,15,20,0.0007786645828429,0.999221638497752,-3.163896209206368
ENSG00000113575,ENSG00000149923,0.0,15,11,0.0004282655205636,0.9995718261720244,-3.333908686841934
ENSG00000114302,ENSG00000108946,0.0,52,1,0.0001349685276927,0.9998650405801492,-3.642580201843273
ENSG00000114923,ENSG00000033867,0.0,70,231,0.0419700210152357,0.9588985269459186,-1.738044652654873
ENSG00000115419,ENSG00000135423,0.0,401,182,0.1894283286168172,0.8274320179695535,-0.9440659185443318
ENSG00000115884,ENSG00000124145,0.0,9,77,0.0017987151863672,0.9982029015323096,-2.911741719877434
ENSG00000115884,ENSG00000169439,0.0,9,23,0.0005372785621616,0.9994628657461192,-3.270317458769915
ENSG00000116039,ENSG00000147416,0.0,1558,17,0.0687457004705957,0.9335640547945864,-1.502872636802643
ENSG00000116251,ENSG00000163584,0.0,103,149,0.0398338845096365,0.9609490544180612,-1.7618071212184665
ENSG00000116731,ENSG00000147889,0.0,960,13,0.0323924466462672,0.968126569491383,-1.8539461742110468
ENSG00000116954,ENSG00000025039,0.0,211,58,0.0317643238827739,0.968734862849076,-1.862516837902672
ENSG00000116990,ENSG00000134323,0.0,5,5,6.488871523691365e-05,0.9999351133899902,-3.8268885790540152
ENSG00000116990,ENSG00000136997,0.0,5,5,6.488871523691365e-05,0.9999351133899902,-3.8268885790540152
ENSG00000117394,ENSG00000059804,0.0,134,108,0.0375627794763445,0.9631339507777206,-1.7882722265877762
ENSG00000117394,ENSG00000109667,0.0,134,273,0.0949503592318709,0.9094180775596736,-1.3371801340532412
ENSG00000117394,ENSG00000133460,0.0,134,195,0.0678216851656221,0.9344270809326652,-1.5095987593275162
ENSG00000117394,ENSG00000163581,0.0,134,117,0.0406930110993732,0.960123832070017,-1.7521248864926742
ENSG00000117394,ENSG00000173262,0.0,134,172,0.0598222043512154,0.941931990106579,-1.571200776493543
ENSG00000117394,ENSG00000181856,0.0,134,121,0.0420842251540527,0.9587890230184558,-1.736802973905848
ENSG00000117569,ENSG00000011304,0.0,40,252,0.0261631299835235,0.9741761593051363,-1.946058762252834
ENSG00000117625,ENSG00000089902,0.0,71,10,0.0018428395127283,0.998158857473422,-2.9041697055427798
ENSG00000118513,ENSG00000101057,0.0,93,70,0.0168970214476923,0.9832449325613568,-2.125917435230181
ENSG00000119121,ENSG00000092439,1.0,890,253,0.5844396803958336,0.8831953666973354,-1.1911128992933242
ENSG00000119314,ENSG00000011304,0.0,104,252,0.0680241379571613,0.934237922710092,-1.5081186820831842
ENSG00000119729,ENSG00000136238,0.0,137,43,0.0152903768584263,0.9848259274205116,-2.16551660509709
ENSG00000119787,ENSG00000184743,0.0,509,129,0.1704263172468394,0.8433052243901429,-1.0081352207728584
ENSG00000119787,ENSG00000198513,0.0,509,32,0.0422762957511539,0.958604885522576,-1.734721033188405
ENSG00000119812,ENSG00000171262,2.0,650,323,0.5449354305596007,0.9819748679459042,-2.0963600430482447
ENSG00000120054,ENSG00000108582,0.0,451,82,0.0959885786756616,0.9084743919901368,-1.331418893652497
ENSG00000121879,ENSG00000011405,0.0,384,336,0.3348880637891018,0.7154181630691159,-0.5692836305461894
ENSG00000121879,ENSG00000105851,0.0,384,263,0.2621296451682552,0.7694112667880739,-0.7369093685114182
ENSG00000121879,ENSG00000139144,2.0,384,1146,1.1422075032806864,0.8917719656354104,-1.2360067120677178
ENSG00000121892,ENSG00000083642,0.0,813,131,0.2764337135550805,0.758483894666265,-0.7014339986019663
ENSG00000121898,ENSG00000108582,1.0,1588,82,0.3379819577315978,0.954259644400408,-1.687638150131516
ENSG00000122025,ENSG00000065427,0.0,104,133,0.0359016283662795,0.9647351913923,-1.808494209574559
ENSG00000123411,ENSG00000161405,0.0,138,11,0.0039400427891853,0.9960677089952756,-2.65782885433632
ENSG00000123416,ENSG00000183785,0.0,11,90,0.0025695931233817,0.9974337054550884,-2.798592344229026
ENSG00000123416,ENSG00000198033,0.0,11,405,0.011563169055218,0.9885034274480526,-2.273548529946414
ENSG00000125618,ENSG00000075891,0.0,621,18,0.0290130423567288,0.9714037949891632,-1.9018374393890969
ENSG00000125618,ENSG00000125813,0.0,621,582,0.938088369534232,0.3913752856261018,0.2757363539055182
ENSG00000125618,ENSG00000196092,0.0,621,3,0.0048355070594548,0.9951761651834896,-2.588208029730285
ENSG00000125618,ENSG00000198807,0.0,621,12,0.0193420282378192,0.9808438285788184,-2.0714973393022422
ENSG00000125944,ENSG00000135316,0.0,43,57,0.006361689641827,0.9936585030631242,-2.492548693443648
ENSG00000127191,ENSG00000076604,0.0,379,27,0.0265602489207734,0.9737893723093624,-1.9396580959261125
ENSG00000127191,ENSG00000131323,0.0,379,4,0.0039348516919664,0.9960728796930104,-2.658272294355863
ENSG00000127191,ENSG00000175104,0.0,379,23,0.022625397228807,0.977628637584716,-2.007065164622166
ENSG00000127824,ENSG00000123416,0.0,344,2,0.0017857374433198,0.9982158560371348,-2.914000974612793
ENSG00000127824,ENSG00000167553,0.0,344,96,0.0857153972793534,0.9178554182003056,-1.3907898443305933
ENSG00000129473,ENSG00000171552,0.0,82,0,0.0,1.0,-inf
ENSG00000129910,ENSG00000170558,0.0,715,7,0.0129907207904301,0.9870932944233356,-2.22900741907401
ENSG00000130024,ENSG00000133884,0.0,469,13,0.0158250598719784,0.9842994984746634,-2.1519536759757054
ENSG00000131236,ENSG00000112186,0.0,40,31,0.0032184802757509,0.99678669347986,-2.725181590307434
ENSG00000132463,ENSG00000169045,0.0,606,18,0.0283122442321701,0.9720847915395624,-1.912357019118758
ENSG00000132612,ENSG00000119541,0.0,191,91,0.0451132303813118,0.9558892400019464,-1.7048547363424504
ENSG00000133026,ENSG00000100345,0.0,482,26,0.03252741517396,0.9679959116912222,-1.852122901445195
ENSG00000133056,ENSG00000121879,0.0,1851,18,0.0864784885705395,0.917155277893569,-1.3861881983109048
ENSG00000133392,ENSG00000100345,0.0,216,26,0.0145766009908202,0.9855291233335786,-2.1842789943895906
ENSG00000133703,ENSG00000126458,0.0,98,347,0.0882642260138594,0.915518940841505,-1.3755463761407851
ENSG00000133818,ENSG00000133703,0.0,159,298,0.1229822842142176,0.8842793281252054,-1.1966542556832689
ENSG00000133884,ENSG00000011332,0.0,9,17,0.0003971189372499,0.9996029599040384,-3.3548500370376453
ENSG00000133884,ENSG00000205683,0.0,9,47,0.0010979170618085,0.9989026854286136,-3.0625457648034957
ENSG00000134086,ENSG00000141510,0.0,604,6,0.009406268160743,0.990637832397402,-2.350974138275644
ENSG00000134255,ENSG00000111666,0.0,140,118,0.0428784630285525,0.9580278187913484,-1.7282447022622252
ENSG00000134255,ENSG00000138018,0.0,140,12,0.0043605216639205,0.9956489716071196,-2.62354257676101
ENSG00000134323,ENSG00000136997,0.0,740,5,0.0096035298550632,0.9904424367727952,-2.343278151125177
ENSG00000135316,ENSG00000148584,0.0,424,212,0.2333086734086277,0.7919090945146434,-0.8130632227096857
ENSG00000135604,ENSG00000103496,1.0,628,115,0.1874505205763961,0.984479768242701,-2.156553595682813
ENSG00000135678,ENSG00000108582,0.0,10,82,0.0021283498597707,0.9978739134707876,-2.858822003282796
ENSG00000135766,ENSG00000129521,0.0,207,37,0.0198793067999808,0.9803169837607812,-2.0603401675892106
ENSG00000135766,ENSG00000269858,0.0,207,16,0.0085964569945863,0.9914403868906306,-2.3841370365185544
ENSG00000135932,ENSG00000102547,0.0,8,196,0.0040698202196592,0.995938450275038,-2.646909892454329
ENSG00000135999,ENSG00000120616,0.0,390,9,0.0091103756192626,0.9909309981139524,-2.362788783803345
ENSG00000136238,ENSG00000126785,0.0,0,80,0.0,1.0,-inf
ENSG00000136238,ENSG00000128340,0.0,0,5,0.0,1.0,-inf
ENSG00000136238,ENSG00000169750,0.0,0,55,0.0,1.0,-inf
ENSG00000136274,ENSG00000196531,1.0,955,498,1.23441696318095,0.6502251212090986,-0.3859283179001326
ENSG00000136527,ENSG00000164548,0.0,64,82,0.0136214391025329,0.9864709129011326,-2.210677550645293
ENSG00000136872,ENSG00000149925,0.0,204,12,0.0063539029959985,0.9936662403600856,-2.492982210303654
ENSG00000137076,ENSG00000073712,0.0,3675,13,0.1240023348177419,0.8833777783542333,-1.1920428517089054
ENSG00000137267,ENSG00000188229,0.0,77,79,0.0157887221914458,0.984335266285243,-2.1528627416130486
ENSG00000137285,ENSG00000188229,0.0,73,79,0.0149685288308512,0.985142942715394,-2.1738804506869918
ENSG00000137713,ENSG00000105568,0.0,236,71,0.043491012500389,0.9574411590543428,-1.7217341841378038
ENSG00000137948,ENSG00000204256,0.0,45,440,0.0513918624676356,0.9499063649387092,-1.6439464213619224
ENSG00000138376,ENSG00000167522,0.0,377,23,0.0225060019927711,0.97774536875509,-2.00926287836994
ENSG00000138413,ENSG00000168769,0.0,25,627,0.0406852244535448,0.9601313082433558,-1.752211868964046
ENSG00000138777,ENSG00000180817,0.0,263,465,0.3174226171959342,0.7280230150569607,-0.6068447156121918
ENSG00000139514,ENSG00000099960,0.0,321,197,0.1641347074174683,0.8486276977346705,-1.030565536425438
ENSG00000139618,ENSG00000105173,0.0,233,8,0.0048381026080642,0.9951735821587302,-2.588023636350823
ENSG00000139668,ENSG00000185359,0.0,694,115,0.207150734522323,0.8128971090947944,-0.8886228959289564
ENSG00000139687,ENSG00000012048,2.0,580,1092,1.6439166672980647,0.7719495162101913,-0.7452824843309549
ENSG00000139687,ENSG00000141510,0.0,580,6,0.0090325091609783,0.9910081614053567,-2.365954031325152
ENSG00000140297,ENSG00000015532,0.0,0,76,0.0,1.0,-inf
ENSG00000140379,ENSG00000171552,0.0,21,0,0.0,1.0,-inf
ENSG00000140650,ENSG00000100417,0.0,1538,101,0.4031873298988676,0.6681869162112182,-0.4349121879045358
ENSG00000143153,ENSG00000069849,0.0,105,7,0.0019077282279652,0.9980940903289094,-2.8933288796641063
ENSG00000143384,ENSG00000030110,0.0,675,248,0.4344948372263736,0.6475917236939848,-0.3788267083756972
ENSG00000143384,ENSG00000087088,0.0,675,128,0.2242553998587735,0.799111015464011,-0.8384500871395498
ENSG00000143384,ENSG00000129473,0.0,675,0,0.0,1.0,-inf
ENSG00000143384,ENSG00000140379,0.0,675,34,0.0595678405874867,0.942171613947278,-1.5732680153961205
ENSG00000143384,ENSG00000171552,0.0,675,0,0.0,1.0,-inf
ENSG00000143384,ENSG00000171791,0.0,675,3,0.00525598593419,0.99475780259187,-2.559430066450968
ENSG00000143384,ENSG00000176720,0.0,675,171,0.2995911982488302,0.7411211303784198,-0.6468056437758154
ENSG00000143545,ENSG00000084733,0.0,33,1,8.565310411272601e-05,0.9999143505640096,-3.757967867321804
ENSG00000143614,ENSG00000167491,0.0,98,52,0.0132269157138924,0.9868601755300423,-2.2220541113394217
ENSG00000143621,ENSG00000129351,0.0,276,8,0.0057309713297242,0.9942854193599944,-2.529295939937236
ENSG00000143632,ENSG00000075624,0.0,172,1,0.0004464343608299,0.9995536652761616,-3.322336577197311
ENSG00000143845,ENSG00000110721,0.0,16,76,0.0031561871091234,0.9968487884134738,-2.731617664758357
ENSG00000143878,ENSG00000067560,0.0,174,4,0.0018065018321956,0.9981951289101118,-2.9103932813601
ENSG00000144118,ENSG00000133703,0.0,129,298,0.0997780796454973,0.9050382421591936,-1.31080540597413
ENSG00000144290,ENSG00000033867,0.0,469,231,0.2811991408020794,0.7548779935019958,-0.6899207708823143
ENSG00000144481,ENSG00000092439,1.0,1742,253,1.14392575646016,0.6829817484645417,-0.4760531638597779
ENSG00000145284,ENSG00000099194,0.0,881,5,0.0114333916247441,0.9886317212075184,-2.277832526633636
ENSG00000145632,ENSG00000166851,0.0,330,38,0.0325481795628358,0.9679758120563609,-1.85184296556796
ENSG00000145700,ENSG00000167522,0.0,100,23,0.005969761801796,0.9940480218205948,-2.5149787349853936
ENSG00000146648,ENSG00000133703,1.0,973,298,0.7525897015121623,0.8257236067280466,-0.9374001058131642
ENSG00000146648,ENSG00000196712,1.0,973,126,0.3182090684246055,0.9589320905189482,-1.7384257712842597
ENSG00000146904,ENSG00000060237,1.0,749,481,0.9350957019875056,0.7596185205701866,-0.7050759717053138
ENSG00000147601,ENSG00000132604,0.0,286,16,0.0118772304369646,0.98819302544096,-2.263352812484543
ENSG00000147614,ENSG00000159720,0.0,694,30,0.0540393220493016,0.9473948522622576,-1.6201023371126504
ENSG00000147889,ENSG00000274391,0.0,1,609,0.0015806891031712,0.9984205595278636,-2.9518385055069305
ENSG00000149480,ENSG00000182979,0.0,368,31,0.0296100185369084,0.9708240631224933,-1.893045087409006
ENSG00000149781,ENSG00000073712,0.0,676,13,0.0228096811800798,0.9774484929159,-2.003692462772121
ENSG00000149925,ENSG00000109107,0.0,1,65,0.0001687106596159,0.9998313035712272,-3.5847564845507103
ENSG00000151012,ENSG00000103257,0.0,375,108,0.1051197186838,0.9002167433711503,-1.2827875609478248
ENSG00000151422,ENSG00000060237,2.0,1117,481,1.3945285702537296,0.8348184355302632,-0.9733827098313182
ENSG00000151962,ENSG00000135316,0.0,267,57,0.0395016542876235,0.9612683637749256,-1.7655982582511314
ENSG00000152086,ENSG00000123416,0.0,930,2,0.0048277204136263,0.9951839142979948,-2.5887617413677164
ENSG00000152086,ENSG00000167553,0.0,930,96,0.2317305798540659,0.793159787748403,-0.8174340484754502
ENSG00000152465,ENSG00000136448,0.0,717,9,0.0167490751769521,0.9833904107435651,-2.1294242184145604
ENSG00000152518,ENSG00000185650,0.0,410,1,0.0010641749298853,0.9989363911034512,-3.071870796136357
ENSG00000152601,ENSG00000135482,0.0,12,60,0.0018687949988231,0.9981329501112972,-2.8997923209991363
ENSG00000152601,ENSG00000139793,0.0,12,4,0.0001245863332548,0.9998754214273,-3.6631247217407648
ENSG00000154917,ENSG00000175582,0.0,8,7,0.0001453507221306,0.9998546598407736,-3.623466988244711
ENSG00000155366,ENSG00000067560,0.0,7,4,7.267536106534326e-05,0.9999273272797248,-3.798890235614252
ENSG00000155465,ENSG00000103257,0.0,26,108,0.0072883004954101,0.992738194759111,-2.444045109013991
ENSG00000155846,ENSG00000148840,0.0,771,44,0.0880513910278823,0.9157138160398351,-1.3768055712259708
ENSG00000155926,ENSG00000177885,0.0,47,2,0.0002439815692907,0.999756048191792,-3.48731101096595
ENSG00000156475,ENSG00000221914,0.0,21,7,0.000381545645593,0.9996185271336904,-3.3658992343964336
ENSG00000156508,ENSG00000101210,0.0,2,0,0.0,1.0,-inf
ENSG00000156976,ENSG00000161960,0.0,15,5,0.0001946661457107,0.999805352800514,-3.5472368775080936
ENSG00000157404,ENSG00000065427,0.0,327,133,0.1128830045747444,0.8932551607702433,-1.244026857385323
ENSG00000157404,ENSG00000134440,0.0,327,208,0.1765388342221567,0.8381662289896175,-0.9869492020481294
ENSG00000157764,ENSG00000133703,0.0,13,298,0.0100551553131121,0.9899952287464828,-2.32616889179394
ENSG00000157764,ENSG00000141510,0.0,13,6,0.0002024527915391,0.9997975677006444,-3.5368923841831124
ENSG00000158186,ENSG00000133703,0.0,5,298,0.00386736742812,0.9961401012062056,-2.664085338429767
ENSG00000159399,ENSG00000106633,0.0,34,22,0.0019414703598884,0.998060413074616,-2.887823575112765
ENSG00000159399,ENSG00000156510,0.0,34,609,0.0537434295078213,0.9476752208103144,-1.6227186702749306
ENSG00000159399,ENSG00000156515,0.0,34,46,0.0040594380252213,0.9959487903553532,-2.6477718213589414
ENSG00000159399,ENSG00000160883,0.0,34,872,0.0769528251737606,0.9259335333297396,-1.4461578485892512
ENSG00000160949,ENSG00000167522,0.0,959,23,0.0572500156792241,0.9443579355584868,-1.5924477746815742
ENSG00000162385,ENSG00000111196,0.0,60,14,0.0021802608319602,0.9978221142103032,-2.851176996060164
ENSG00000162512,ENSG00000115884,0.0,308,44,0.0351748747556261,0.9654365710101832,-1.8175897594328505
ENSG00000163017,ENSG00000075624,0.0,17,1,4.412432636110127e-05,0.9999558766471026,-3.920823981180092
ENSG00000163214,ENSG00000067248,1.0,1621,266,1.1191642227257534,0.6920185991536213,-0.5015802688012623
ENSG00000163577,ENSG00000132507,0.0,110,5,0.0014275517352121,0.9985734667320704,-2.9831408606121
ENSG00000163694,ENSG00000135316,0.0,807,57,0.1193926404873115,0.8874592799005978,-1.2131265510275235
ENSG00000164087,ENSG00000139323,0.0,585,76,0.1153980911773272,0.8910113695301338,-1.231924573662289
ENSG00000164651,ENSG00000185591,0.0,0,1,0.0,1.0,-inf
ENSG00000164695,ENSG00000101421,0.0,383,1,0.0009940951174295,0.9990063988314308,-3.0921383135032494
ENSG00000164754,ENSG00000244588,0.0,54,217,0.0304146386058461,0.9700432327759076,-1.881429372274341
ENSG00000164893,ENSG00000103257,0.0,481,108,0.1348335591650875,0.8738613457966036,-1.1448354958226998
ENSG00000164967,ENSG00000178718,0.0,0,371,0.0,1.0,-inf
ENSG00000165209,ENSG00000129351,0.0,21,8,0.000436052166392,0.9995640428905368,-3.328894511262671
ENSG00000165238,ENSG00000060237,2.0,1338,481,1.6704379829896958,0.7650058099370333,-0.7224979583771687
ENSG00000165804,ENSG00000171940,0.0,3,10,7.786645828429637e-05,0.9999221365732296,-3.7817545782910993
ENSG00000166589,ENSG00000170558,0.0,1081,7,0.019640516327909,0.9805511020676116,-2.0652664532268634
ENSG00000166851,ENSG00000185988,0.0,849,285,0.6280319192919923,0.5336410167877061,-0.0844257102592682
ENSG00000166900,ENSG00000103496,0.0,558,115,0.1665563542701099,0.8465751074688616,-1.0218544685238122
ENSG00000167522,ENSG00000101745,0.0,9,439,0.0102550125560418,0.9897973907998838,-2.318812255359402
ENSG00000167553,ENSG00000183785,0.0,5,90,0.0011679968742644,0.9988326849685956,-3.0439898639048493
ENSG00000167553,ENSG00000198033,0.0,5,405,0.00525598593419,0.99475780259187,-2.559430066450968
ENSG00000167771,ENSG00000089902,0.0,819,10,0.0212575431116129,0.9789668059426264,-2.0328627818274327
ENSG00000168298,ENSG00000189060,0.0,161,7,0.00292518328288,0.9970790908971368,-2.7565304002754685
ENSG00000168710,ENSG00000101444,0.0,172,68,0.0303575365364376,0.9700986258334288,-1.8822450737097784
ENSG00000168710,ENSG00000158467,0.0,172,69,0.0308039708972676,0.9696656371311716,-1.8759020891432003
ENSG00000168769,ENSG00000182054,0.0,18,252,0.0117734084925856,0.9882956268883316,-2.266696927872104
ENSG00000169016,ENSG00000112242,0.0,180,9,0.004204788747352,0.9958040389995816,-2.6358807411072034
ENSG00000169045,ENSG00000096746,0.0,28,11,0.0007994289717187,0.999200890486488,-3.156231599455333
ENSG00000169045,ENSG00000103067,0.0,28,187,0.0135902925192191,0.9865016385781054,-2.211565190375629
ENSG00000169045,ENSG00000104413,0.0,28,44,0.0031977158868751,0.9968073913612784,-2.7273143726928017
ENSG00000169045,ENSG00000169813,0.0,28,141,0.0102472259102134,0.9898050980316146,-2.319096510525648
ENSG00000169047,ENSG00000185950,0.0,1599,43,0.1784621357417788,0.836555731839961,-0.9804003515076242
ENSG00000169067,ENSG00000075624,0.0,894,1,0.002320420456872,0.9976822696375574,-2.8313317976660484
ENSG00000169398,ENSG00000174292,2.0,225,963,0.5623904949583305,0.9804369566449884,-2.06285836647134
ENSG00000169717,ENSG00000075624,0.0,212,1,0.000550256305209,0.9994498950580276,-3.263562309855408
ENSG00000170558,ENSG00000124215,1.0,843,1091,2.387159798267502,0.3112471320133268,0.4923184149597746
ENSG00000170558,ENSG00000179242,0.0,843,40,0.0875218991115491,0.9161988074912985,-1.379948880132024
ENSG00000171262,ENSG00000130244,0.0,862,396,0.8859957089420377,0.4123034346082287,0.2216236513270391
ENSG00000171608,ENSG00000121879,0.0,280,18,0.0130815649917617,0.9870036267943176,-2.2263201248417426
ENSG00000171791,ENSG00000171552,0.0,0,0,0.0,1.0,-inf
ENSG00000171862,ENSG00000274391,0.0,85,609,0.1343585737695533,0.8742765157656093,-1.1468419004205344
ENSG00000172531,ENSG00000186298,0.0,36,22,0.0020556744987054,0.99794643695305,-2.869814544503473
ENSG00000172845,ENSG00000185591,0.0,211,1,0.0005476607565995,0.9994524891821795,-3.264901461591297
ENSG00000173110,ENSG00000109971,0.0,3097,14,0.112537796609684,0.8935635727966535,-1.2457046268048655
ENSG00000173614,ENSG00000163864,0.0,159,593,0.244726491741715,0.7829186436753419,-0.7820882482432735
ENSG00000173846,ENSG00000166851,0.0,1143,38,0.1127350583040043,0.8933873243164092,-1.2447454014862191
ENSG00000174775,ENSG00000133703,0.0,4,298,0.003093893942496,0.9969108872152984,-2.738169332169096
ENSG00000174953,ENSG00000067248,0.0,785,266,0.5419765051447974,0.5815975849796604,-0.2059821813916332
ENSG00000176720,ENSG00000171552,0.0,700,0,0.0,1.0,-inf
ENSG00000176928,ENSG00000015532,0.0,0,76,0.0,1.0,-inf
ENSG00000177565,ENSG00000150627,1.0,35,726,0.065952890166799,0.9979184110285454,-2.865525460053292
ENSG00000177885,ENSG00000100351,0.0,9,76,0.0017753552488819,0.998226219762042,-2.9158191697118907
ENSG00000177885,ENSG00000101082,0.0,9,281,0.0065641424333661,0.9934573544875748,-2.4814395304289
ENSG00000178035,ENSG00000100938,0.0,363,435,0.4098501031793938,0.6637497366549796,-0.4227186776201672
ENSG00000178035,ENSG00000106348,0.0,363,220,0.2072805119527969,0.8127916202419205,-0.8882305300245235
ENSG00000178035,ENSG00000137198,0.0,363,72,0.0678372584572789,0.9344125289405134,-1.5094847791432635
ENSG00000178462,ENSG00000123416,0.0,344,2,0.0017857374433198,0.9982158560371348,-2.914000974612793
ENSG00000178462,ENSG00000167553,0.0,344,96,0.0857153972793534,0.9178554182003056,-1.3907898443305933
ENSG00000178750,ENSG00000103496,0.0,99,115,0.0295503209188904,0.9708820207365249,-1.8939175206411545
ENSG00000184897,ENSG00000168298,0.0,60,32,0.0049834533301949,0.9950289434718416,-2.577836141709048
ENSG00000185591,ENSG00000167182,0.0,917,4,0.0095204722995599,0.990524703916867,-2.3465014560545683
ENSG00000185650,ENSG00000128016,0.0,104,71,0.0191655309323748,0.9810169601498028,-2.0752207572571963
ENSG00000185697,ENSG00000101057,0.0,588,70,0.1068327807660546,0.8986759363281333,-1.2740431412317712
ENSG00000185811,ENSG00000161405,0.0,123,11,0.0035117772686217,0.9964943818092912,-2.696310091825509
ENSG00000187210,ENSG00000015532,0.0,555,76,0.1094802403477206,0.896299874760996,-1.2607463453145442
ENSG00000187583,ENSG00000102606,0.0,283,38,0.0279125297463107,0.9724734255783776,-1.918456531320217
ENSG00000187678,ENSG00000065427,0.0,8,133,0.002761663720483,0.9972421461647551,-2.775263042364699
ENSG00000188191,ENSG00000108946,0.0,835,1,0.0021672830889129,0.9978350637733364,-2.853072627890181
ENSG00000188229,ENSG00000101162,0.0,79,454,0.0930919464274857,0.9111097231606032,-1.3476202513003797
ENSG00000188229,ENSG00000104833,0.0,79,28,0.0057413535241621,0.9942750965490308,-2.5286625017029696
ENSG00000188229,ENSG00000176014,0.0,79,46,0.0094322236468377,0.9906121202446057,-2.349953440158652
ENSG00000188229,ENSG00000258947,0.0,79,0,0.0,1.0,-inf
ENSG00000188229,ENSG00000261456,0.0,79,286,0.058643825282513,0.94304259727747,-1.5808392155323554
ENSG00000188687,ENSG00000033867,0.0,156,231,0.0935331896910967,0.9107077908143396,-1.3451264020697369
ENSG00000196230,ENSG00000101162,0.0,18,454,0.0212108232366423,0.9790125442178352,-2.0337688009922927
ENSG00000196230,ENSG00000104833,0.0,18,28,0.0013081564991761,0.9986926987645568,-3.0097529696667693
ENSG00000196230,ENSG00000176014,0.0,18,46,0.0021491142486465,0.9978531934439192,-2.8557438985198718
ENSG00000196230,ENSG00000188229,0.0,18,79,0.0036908701226756,0.9963159327663552,-2.6797310016363856
ENSG00000196230,ENSG00000258947,0.0,18,0,0.0,1.0,-inf
ENSG00000196230,ENSG00000261456,0.0,18,286,0.0133618842415852,0.986726989453279,-2.2181292481689803
ENSG00000196531,ENSG00000253506,0.0,389,141,0.142363245681179,0.8673061540448616,-1.1137471118913935
ENSG00000196542,ENSG00000165389,0.0,0,17,0.0,1.0,-inf
ENSG00000196570,ENSG00000108518,0.0,89,41,0.0094711568759799,0.9905735532667104,-2.3484270179107387
ENSG00000196604,ENSG00000075624,0.0,1807,1,0.0046901563373241,0.995320825270716,-2.598678063850543
ENSG00000196834,ENSG00000075624,0.0,929,1,0.0024112646582037,0.9975916401052354,-2.8190421149019347
ENSG00000197959,ENSG00000079805,0.0,954,19,0.0470469140953718,0.954042638493132,-1.6853828877891028
ENSG00000198380,ENSG00000131459,0.0,186,226,0.109106481347956,0.8966349375181357,-1.262607906723877
ENSG00000198597,ENSG00000171940,0.0,664,10,0.0172344427669242,0.9829132207255536,-2.1180178197868904
ENSG00000204256,ENSG00000141867,0.0,75,82,0.0159626239482807,0.9841641035363042,-2.148528523963429
ENSG00000204256,ENSG00000169925,0.0,75,179,0.0348452400822226,0.9657548648364184,-1.8217675046255133
ENSG00000204335,ENSG00000185591,0.0,755,1,0.0019596392001547,0.9980422796391272,-2.884895125084843
ENSG00000204388,ENSG00000109971,0.0,261,14,0.0094841346190272,0.9905606979410834,-2.347919437364862
ENSG00000204389,ENSG00000109971,0.0,0,14,0.0,1.0,-inf
ENSG00000204390,ENSG00000109971,0.0,1451,14,0.0527259744529065,0.9486399284442516,-1.6318070338096573
ENSG00000213281,ENSG00000133703,0.0,101,298,0.078120822048025,0.9248526771982024,-1.438491506677316
ENSG00000213281,ENSG00000157764,0.0,101,12,0.0031458049146855,0.9968591379451456,-2.732701463419952
ENSG00000213639,ENSG00000172531,0.0,1,59,0.0001531373679591,0.9998468743569692,-3.609954021414403
ENSG00000217236,ENSG00000185591,0.0,288,1,0.0007475179995292,0.9992527613224468,-3.1757537849730357
ENSG00000221914,ENSG00000175470,0.0,13,14,0.0004723898469247,0.999527721711592,-3.306540610633114
ENSG00000221978,ENSG00000163660,0.0,476,13,0.0160612547954408,0.9840670393838664,-2.146088467033222
ENSG00000222014,ENSG00000175582,0.0,9,7,0.000163519562397,0.999836493806198,-3.592904558861458
ENSG00000222038,ENSG00000075624,0.0,1228,1,0.0031873336924371,0.9968177404631556,-2.7283854503061677
ENSG00000240065,ENSG00000142507,0.0,179,50,0.023230160054815,0.9770375828690382,-1.9960835041590617
ENSG00000253626,ENSG00000132507,0.0,171,5,0.0022191940611024,0.9977832665295254,-2.8455509275879374
ENSG00000254505,ENSG00000101421,0.0,119,1,0.0003088702845277,0.999691177410988,-3.4237451345342684
ENSG00000254535,ENSG00000070756,0.0,184,3,0.001432742832431,0.9985682830535788,-2.982030586884708
ENSG00000254647,ENSG00000017427,0.0,46,62,0.0074025046342271,0.9926248264221976,-2.438451272947046
ENSG00000256453,ENSG00000135316,0.0,156,57,0.0230796182354654,0.9771846789561148,-1.998794047738596
